Airbus Group	European Aeronautic Defence and Space Company N.V.
Airbus Group	EADS
SAKO	Sako Models L42
SAKO	Sako Model L42
SABMiller	SABMiller Group
SABMiller	SAB Miller
SABMiller	SABMiller plc
Aixam	Aixam-Mega
Nintendo	Nintendo Co., Ltd.
BBC	British Broadcasting Corporation
BBC	Auntie
BBC	Beeb
Capcom	Capcom Co., Ltd.
Wikia	Wikicities
Sony Computer Entertainment	Sony Computer Entertainment, Inc.
Sony Computer Entertainment	SCE
343 Industries	343i
Swingline	Parrot Speed Fastener Company
Infosys	Infy
Infosys	Infosys Limitied
Infosys	Infosys Technologies Limited
Infosys	ITL
ARO	Auto Romania
Fabryka Samochodów Małolitrażowych	FSM
GMC	GMC Division of General Motors LLC
Hispano-Suiza	Hispano Suiza
Chevrolet	Chevy
Chevrolet	Chevrolet Division of General Motors Company
Navistar International	Navistar International Corporation
Navistar International	International Harvester Company
Cage Warriors	Cage Warriors Fighting Championship
Cage Warriors	CWFC
MPL Communications	McCartney Productions Ltd.
Kickstarter	Kickstarter, Inc.
Kickstarter	Kickstarter.com
Kia Motors	Kia Motors
Kia Motors	Kia
AT&T	AT&T Inc.
LIAZ	LIAZ (Czech Republic)
McDonald's	Mickey D's
McDonald's	McDonald's Restaurant
McDonald's	McDonald’s Corporation
McDonald's	McDonalds
Imperial Oil	Imperial Oil Limited
Packard	Packard Motor Car Company
Saab Automobile	Swedish car company
Saab Automobile	Svenska Aeroplan Aktiebolaget
Saab Automobile	Saab Automobile AB
LKAB	Luossavaara-Kiirunavaara Aktiebolag
Allmänna Svenska Elektriska Aktiebolaget	ASEA
Yle	Yleisradio
Yle	YLE
MetaLab, Ltd.	MetaLab
YoLo Frozen Yogurt	YoLo
YoLo Frozen Yogurt	YoLo Froyo
Hyundai Motor Company	현대자동차주식회사
Hyundai Motor Company	現代自動車株式會社
Hyundai Motor Company	현대
Hyundai Motor Company	現代
Hyundai Motor Company	Hyŏndae
Hyundai Motor Company	Hyundai
Walter Aircraft Engines	Waltrovka
Walter Aircraft Engines	Motorlet
Walter Aircraft Engines	Walter Engines
Walter Aircraft Engines	Walter a.s.
Jolla	Jolla Mobile
Jolla	Jolla Oy
Jolla	Jolla Co.
Jolla	Jolla Ltd.
Foot Locker	Foot Locker, Inc.
Microsoft Studios	Microsoft Game Studios
Hudson's Bay Company	HBC
Hudson's Bay Company	The Bay
A&E Networks	A+E Networks
A&E Networks	AETN
A&E Networks	A&E Television Networks, LLC
Embraer	Embraer S.A.
Reliance Infrastructure	Reliance Infra
Reliance Infrastructure	Reliance Energy
Reliance Infrastructure	BSES
Sega	SEGA
Total Nonstop Action Wrestling	TNA
Zagreb Stock Exchange	ZSE
Zalman	Zalman Tech Co.
Heckler & Koch	Heckler & Koch GmbH
Heckler & Koch	HK
Heckler & Koch	H&K
Airbus Helicopters	Eurocopter Group
Airbus Helicopters	Eurocopter
Puma	PUMA SE
Nestlé	Nestle
Mauser	Waffenfabrik Mauser
Toray Industries	Toray
Philips	Koninklijke Philips Electronics N.V.
Philips	Royal Philips Electronics
Ubisoft Romania	Ubisoft Bucharest
Ubisoft Romania	Ubisoft S.R.L.
Ubisoft Romania	Ubisoft SRL
Repsol	Repsol S.A.
Repsol	Repsol YPF
Tim Hortons	Tim Hortons Inc.
Mitsubishi	Mitsubishi Group of Companies
Digital Research	Digital Research, Inc.
Digital Research	Intergalactic Digital Research
Digital Research	DRI
HTC Corporation	HTC
Columbia Pictures	CPII
Columbia Pictures	Columbia Pictures Industries, Inc.
JPMorgan Chase	JPMorgan Chase & Co.
DreamWorks	DW II Distribution Co., LLC
Goldman Sachs	The Goldman Sachs Group, Inc.
SpaceX	Space Exploration Technologies Corporation
Binz	Binz GmbH & Co. KG
China Central Television	CCTV
China Central Television	Chinese Central Television
Invensys	Invensys Ltd.
American International Group	AIG
iStockphoto	iStock by Getty Images
Zuffa LLC	Zuffa
Polish State Railways	Polskie Koleje Państwowe SA
Polish State Railways	PKP SA
American Snuff Company	Conwood Sales Company
Areva NC	Cogema
Æon	Aeon
PSA Peugeot Citroën	Peugeot Citroën Automobiles S.A.
A&P Group	Austin & Pickersgill
A&P Group	A&P Tyne
A&P Group	A&P Tees
A&P Group	A&P Falmouth
A&P Group	Austin and Pickersgill
A&P Group	North East Shipbuilders
A. E. Staley	A E Staley
A. E. Staley	A.E. Staley
A. E. Staley	AE Staley
A. E. Staley	Staley Continental
A. Schulman	A. Shulman
A. Schulman	A. Schulman Inc.
A. Schulman	Polyflam
A. Schulman	Polyman
A. Schulman	Schulaform
A. Schulman	Schulamid
A. Schulman	Schuladur
A. Schulman	Polypur
A. Schulman	Polyvin
A. Schulman	Polyfort
A. Schulman	A. Schulman Plastics
Carl Zeiss AG	Zeiss
Bilfinger	Bilfinger Berger
ABBYY	Abbyy
ABBYY	BIT Software
ABP Induction Systems	ABP Induction Systems GmbH
ABS-CBN Corporation	ABS CBN
ABS-CBN Corporation	ABS-CBN Broadcasting
ABS-CBN Corporation	ABS-CBN International
ABS-CBN Corporation	Star Magic, Inc.
ABS-CBN Corporation	ABS-CBN Global Ltd.
ABS-CBN Corporation	ABSCBN
ABS-CBN Corporation	Kapamilya
ABS-CBN Corporation	Kapamilya Cinema
ABS-CBN Corporation	ABS-CBN Global, Inc.
ABS-CBN Corporation	Mars Ravelo's Varga
ABS-CBN Corporation	Malou Santos
ABS-CBN Corporation	List of controversies involving the ABS-CBN Broadcasting Corporation
ABS-CBN Corporation	List of ABS-CBN Controversies
ABS-CBN Corporation	List of Personalities by ABS-CBN
ABS-CBN Corporation	List of ABS-CBN controversies
ABS-CBN Corporation	TFC Now
ABS-CBN Corporation	ABS-CBN Broadcasting Corporation
ABS-CBN Corporation	ABS–CBN Broadcasting Corporation
ABS-CBN Corporation	Chronicle Broadcasting Network
ABS-CBN Corporation	Alto Broadcasting System
ABS-CBN Corporation	Eugenio Lopez, Jr. Communications Center
ABS-CBN Corporation	ELJCC
ABS-CBN Corporation	ABS–CBN Network
ABS-CBN Corporation	Alto Broadcasting System Chronicle Broadcasting Network (ABS–CBN Corporation)
ABS-CBN Corporation	ABS–CBN Corporation
ABS-CBN Corporation	Bolinao Electronics Corporation
ABS-CBN Corporation	ABS-CBN Studios
ACCO Brands	Acco Brands Corporation
ACCO Brands	Acco UK
ACCO Brands	ACCO UK
ACCO Brands	ACCO Rexel
ACCO Brands	ACCO Brands Corporation
ACE Limited	ACE Ltd
ACE Limited	ACE Ltd.
ACE Limited	Combined Insurance Company of America
ACE Limited	ACE American Insurance Company
ACE Limited	Rain and Hail Insurance Service
ACE Limited	Penn Millers
ACN Inc.	ACN Inc
ACN Inc.	Australian communications network
ACN Inc.	American Communication Network
ACN Inc.	ACN, Inc.
ACN Inc.	American Communications Network
Etablissements René Neymann	Etablissements Rene Neymann
ADC Telecommunications	ADC Telecommunications Inc.
AGCO	Challenger Equipment
AGCO	AGCO Tractors
AGCO	AGCO Allis
AGCO	AGCO Corp.
AGCO	AGCO Corporation
AGCO	The AGCO Corporation
AGCO	AGCO CORP
AGCO	Agco-Allis
AGCO	Agco Corporation
AGL Energy	Agl energy
AGL Energy	AGL Energy Limited
AGL Energy	Asx:agk
ANA – Aeroportos de Portugal	Aeroportos de Portugal
ANA – Aeroportos de Portugal	ANA Aeroportos de Portugal SA
ANA – Aeroportos de Portugal	ANA Aeroportos de Portugal
ANA – Aeroportos de Portugal	ANA - Aeroportos de Portugal
ANA – Aeroportos de Portugal	ANA - Aeroportos de Portugal, SA
ANTEL	Antel
ANTEL	Anteldata
ANTEL	ANTELDATA
ANTEL	Anteldata.net.uy
ANTEL	Anteldata.com.uy
ANTEL	Administración Nacional de Telecomunicaciones
AOpen	Aopen
AOpen	AOpen Inc.
APCOA Parking	APCOA
APCOA Parking	APCOA Parking AG
ARINC	ARINC 628
ARINC	Arinc Inc.
ARINC	Aeronautical Radio Inc.
ARINC	AEEC
ARINC	FSEMC
ARINC	Aeronautical Radio, Incorporated (ARINC)
ARINC	Aeronautical Radio Inc
ARINC	Aeronautical Radio, Incorporated
ARINC	Aeronautical Radio Incorporated
ARINC	AIRINC
Asda	Asda Walmart
Asda	George at Asda
Asda	ASDA Group plc
Asda	ASDA Group
Asda	ASDA Wal-Mart Supercentre
Asda	ASDA Smart Price
Asda	Smart Price
Asda	ASDA
Asda	ASDA Superstore
Asda	George (clothing)
Asda	ASDA Living
Asda	Asda Stores Limited
Asda	Asda Living
Asda	Asda Stores Ltd.
AT&T Mobility	Cingular
AT&T Mobility	Cingular Wireless LLC
AT&T Mobility	L.A. Cellular
AT&T Mobility	Cingularwireless
AT&T Mobility	Cingular phones
AT&T Mobility	Cingular ringtones
AT&T Mobility	Cingular Blue
AT&T Mobility	AT&T Wireless
AT&T Mobility	AT&T Mobility, LLC.
AT&T Mobility	Wireless From AT&T
AT&T Mobility	AT&T Mobility Corporation
AT&T Mobility	Att wireless
AT&T Mobility	At&t wireless
AT&T Mobility	Cingular Wireless, LLC
AT&T Mobility	AT&T Mobility, LLC
AT&T Mobility	AT&T Mobility LLC.
AT&T Mobility	AT&T Mobility.
AT&T Mobility	Cingular Wireless
AT&T Mobility	AT&T Mobility LLC
AT&T Mobility	AT&T Mobility L..L.C.
AT&T Mobility	AT&T Mobility L..LC.
AT&T Mobility	Cingular Orange
AT&T Mobility	AT&T Mobility L.L.C.
AT&T Mobility	Wireless from at&t
AT&T Mobility	ATT Mobility
AT&T Mobility	AT&T mobility
AT&T Mobility	At&t mobility
AT&T Mobility	At&T Mobility Llc
AT&T Mobility	Mymmode.com
AT&T Mobility	Cingular.net
AT&T Mobility	Cingular.com
AT&T Mobility	At&t Mobility
AT Internet	A t internet
AT Internet	Applied Technologies internet
AT Internet	A T Internet
AT Internet	ATINTERNET
AT Internet	AT Internet XITI Analyzer II
iTV	TITV
iTV	Thai Independent Television
Namco	Namco Limited
McKinsey & Company	McKinsey & Company, Inc.
Fujitsu Siemens Computers	Fujitsu Siemens Computers GmbH
Gildemeister AG	Gildemeister
DEST	Deutsche Erd- und Steinwerke
Otto Berning	Otto Berning & Co.
Pfalz	Pfalz Flugzeugwerke
Pfalz	PFW
ČKD	Českomoravská Kolben-Daněk
ČKD	CKD
ČKD	Böhmisch-Mährische Maschinenfabrik AG
ČKD	BMM
ČKD	CKD Transportation Systems
ČKD	ČKD Tatra
ČKD	CKD Holding
Adaptec	Adaptec, Inc.
Komsomolsk-on-Amur Aircraft Production Association	KnAAPO
Transdev	Veolia Transdev
Scotiabank	Bank of Nova Scotia
Rockwell Collins	Rockwell Collins, Inc.
Freightliner	Freightliner Group
Verbatim Corporation	Verbatim
Amstrad	Amstrad Limited
GE Power Conversion	Converteam
Acer Inc.	Acer
Munhwa Broadcasting Corporation	MBC
Munhwa Broadcasting Corporation	Munhwa Bangsong Jushikhoesa
Munhwa Broadcasting Corporation	Cultural Broadcasting Corporation
Munhwa Broadcasting Corporation	Munhwa Broadcasting Corp.
Walmart	Wal-Mart
Amorepacific Corporation	Amorepacific
Hite	Hite Brewery Company Limited
Shikoku Railway Company	JR Shikoku
Shikoku Railway Company	四国旅客鉄道
Shikoku Railway Company	JR四国
Touchstone Pictures	Touchstone Films
Samsung C&T Corporation	Samsung Corporation
Micro-Star International	Micro-Star International Co., Ltd
Micro-Star International	MSI
Central Japan Railway Company	JR Central
Central Japan Railway Company	東海旅客鉄道
Central Japan Railway Company	JR東海
FremantleMedia	FremantleMedia Ltd.
Chase	JPMorgan Chase Bank, N.A.
Chase	Chase Manhattan Bank
KFC	Kentucky Fried Chicken
EMG, Inc.	EMG Pickups
EMG, Inc.	EMG
Piasecki	Piasecki Helicopter Corporation
Piasecki	PHC
Piasecki	P-V Engineering Forum
Piasecki	Vertol Aircraft Corporation
ThyssenKrupp Marine Systems	TKMS
Broadcom	Broadcom Corporation
Production Reed	Ashi Productions
Wedgwood	Josiah Wedgwood and Sons
GKN	GKN plc
Hilton Hotels	Hilton Hotels & Resorts
Boston Market	Boston Chicken
Dream	DREAM
Arby's	Arby's Restaurant Group, Inc.
Blackburn Aircraft	Blackburn Aeroplane & Motor Company
Blackburn Aircraft	Blackburn and General Aircraft Limited
Blackburn Aircraft	Blackburn Aircraft Limited
Blackburn Aircraft	Blackburn Aircraft Corporation
Deutsche Flugsicherung	DFS
Douglas	Douglas Aircraft Company
InnoGames	Innogames
Vitol	Vitol S.A.
Trafigura	Trafigura Beheer B.V.
Armstrong Whitworth	Sir W G Armstrong Whitworth & Co Ltd
Armstrong Whitworth	Armstrong-Whitworth
Bigpoint GmbH	Bigpoint Games
Mars	Mars, Inc.
JoWooD Entertainment	JoWooD
Howaldtswerke-Deutsche Werft	HDW
DaimlerChrysler Aerospace	DASA
Sixt Rent A Car	Sixt Car Hire
Sixt Rent A Car	Sixti
Sixt Rent A Car	Schlomo
Cinemark Theatres	Cinemark USA, Inc.
Australian Securities Exchange	ASX
Bungie	Bungie Studios
Square	Square Co., Ltd.
Square	Squaresoft
Square	Square Company, Limited
PARC	Xerox PARC
Scottish Aviation	Scottish Aviation Limited
Atchison, Topeka and Santa Fe Railway	Santa Fe
Atchison, Topeka and Santa Fe Railway	ATSF
Lotte Himart	Hi-Mart
Lotte Himart	Himart
BALCO	Bay Area Laboratory Co-operative
Bell Aircraft	Bell Aircraft Corporation
Hexagon AB	Hexagon
Posti Group	Itella
Posti Group	Itella Oyj
Posti Group	Suomen Posti
Posti Group	Suomen Posti Oyj
D.A.R.E.	Drug Abuse Resistance Education
Harland and Wolff	Harland & Wolff Heavy Industries
MOS Technology	Commodore Semiconductor Group
MOS Technology	CSG
MOS Technology	MOS Technology, Inc.
Freescale Semiconductor	Freescale Semiconductor, Inc.
Pfeiffer Vacuum	Pfeiffer Vacuum Technology AG
CROTRAM	Crotram
Rovio Entertainment	Rovio
Rovio Entertainment	Relude
Rovio Entertainment	Rovio Mobile
Rovio Entertainment	Rovio Entertainment Limited
Bombardier Recreational Products	BRP
Brihanmumbai Electric Supply and Transport	BEST
SCOR	Scor
SCOR	SCOR SE
SCOR	SCOR Group
SCOR	SCOR RE
J. C. Penney	J. C. Penney Company Inc.
J. C. Penney	JCPenney
J. C. Penney	Penney's
J. C. Penney	JCP
RTL Group	RTL Group S.A.
Motorola Mobility	Motorola Mobility LLC
Fiat	Fiat S.p.A.
OLM, Inc.	OLM
OLM, Inc.	Oriental Light and Magic
Firaxis Games	Firaxis
Handley Page	Handley Page Limited
Handley Page	Handley Page Aircraft Company
Handley Page	Handley Page (Reading) Ltd
Budweiser Budvar	Czechvar
Budweiser Budvar	Budějovický Budvar
Melco	Melco Holdings Inc.
Melco	Buffalo Inc.
Micro Instrumentation and Telemetry Systems	MITS
Target Corporation	Target
Target Corporation	Target Stores
Hudson Soft	Hudson Soft Co., Ltd
Hudson Soft	Hudson
Coast Mountain Bus Company	CMBC
Cognizant	Cognizant Technology Solutions Corporation
Comac	Commercial Aircraft Corporation of China
numero de telefonoCorrections Corporation of America	CPA
Lloyds Banking Group	Lloyds Banking Group plc
The Pokémon Company	The Pokemon Company
Rába	Raba
Television Broadcasts Limited	TVB
ITN	Independent Television News
EOG Resources	Enron Oil and Gas
LS Studio	LS-Studio
LS Studio	LS-Studios
LS Studio	Ukrainian Angels Studio
LS Studio	49243090/dd3276e/LS-Magazine-011-14.rar.html
Loterías y Apuestas del Estado	LAE
Loterías y Apuestas del Estado	SELAE
Loterías y Apuestas del Estado	Sociedad Estatal Loterías y Apuestas del Estado
Loterías y Apuestas del Estado	Sociedad Estatal Loterías y Apuestas del Estado, S.A.
Energias de Portugal	EDP
Gannett Company	Gannett Company, Inc
Gannett Company	Gannett Broadcasting Inc.
Mozilla Messaging	MoMo
Team17	Team17 Digital Ltd.
de Havilland Australia	Hawker de Havilland
WMS Industries	Williams Electronics
Finavia	Finavia Corporation
Helsinki City Transport	HKL
Helsinki City Transport	Helsingin kaupungin liikennelaitos
FEMSA	Fomento Económico Mexicano, S.A.B. de C.V.
Force Motors	Bajaj Tempo
Deep Silver Volition	Volition, Inc.
Norwegian Public Roads Administration	Statens vegvesen
Network Rail	Network Rail Ltd
Network Rail	Network Rail Infrastructure Ltd
Vinamilk	vinamilk zinzin
Vinamilk	vinamilk adm boi sung vi chat
Vinamilk	vinamilk sua tuoi vitamin d
Vinamilk	sua chua vinamilk
Vinamilk	vinamilk phomai tuoi susu
Vinamilk	vinamilk probi
Vinamilk	vinamilk probeauty
Vinamilk	sure prevent
Vinamilk	canxi
Vinamilk	diecerna
Vinamilk	vfresh
Vinamilk	icy
Vinamilk	vinamilk cafe den
Vinamilk	vinamilk goldsoy
Vinamilk	vinamilk
Vinamilk	vinamilk tren truyen hinh
Vinamilk	vinamilk tren radio
Vinamilk	vinamilk tren internet/print
Vinamilk	vinamilk tuyen dung
Vinamilk	vinamilk gioi thieu
Vinamilk	vinamilk tin tuc
Vinamilk	vinamilk 100% sua tuoi
Vinamilk	quang cao vinamilk hay nat cho be 2014
Vinamilk	quang cao phomai tuoi susu
Vinamilk	quang cao vinamilk probi
Vinamilk	lowe vietnam
Vinamilk	ddb vietnam
Vinamilk	tbwa vietnam
Vinamilk	TP.HCM
Vinamilk	Viet Nam
Vinamilk	Viet Nam financing brander
Vinamilk	Viet Nam members
STX Finland Oy	Aker Yards Oy
VimpelCom Ltd.	VimpelCom Ltd
VimpelCom Ltd.	Vimpelcom Ltd
Saab Dynamics	Saab Bofors Dynamics
Shen Yun Performing Arts	Divine Performing Arts
Metaweb	Metaweb Technologies, Inc.
Alliance Films	Alliance Entertainment
Alliance Films	Alliance Communications
Alliance Films	Alliance Atlantis Releasing LTD
Hindustan Unilever	Hindustan Unilever Limited
Hindustan Unilever	HUL
Ikarbus	Ikarus
ICA AB	ICA Maxi
ICA AB	ICA (supermarket)
ICA AB	ICA Handlarna AB
Siam Cement	The Siam Cement Public Company Limited
Siam Cement	SCG
World Database on Protected Areas	WDPA
SuperGroup plc	SuperGroup
Yash Raj Films	YRF
The Chinese Room	thechineseroom
Nu Skin Enterprises	Nu Skin
Sud-Ouest	SNCASO
Sud-Ouest	Société nationale des constructions aéronautiques du sud-ouest
Mitel	Mitel Networks
N M Rothschild & Sons	N M Rothschild & Sons Limited
NTPC Limited	National Thermal Power Corporation Limited
Hawker Aircraft	Hawker Aircraft Limited
Oberheim Electronics	Oberheim
Westfield Group	Westfield
State Street Corporation	State Street
City Union Bank	CUB
BBC Worldwide	BBC Worldwide Limited
Sumitomo Mitsui Financial Group	SMFG
Martinsyde	Martin & Handasyde
Gateway	Gateway, Inc.
Gateway	Gateway 2000
Gateway	Gateway Computer
Caproni	Società de Agostini e Caproni
Caproni	Società Caproni e Comitti
Caproni	Società Italiana Caproni, Milano
Caproni	Caproni Bergamasca
Caproni	Caproni Vizzola
Gremlin Interactive	Gremlin Graphics
Maroc Telecom	tzm
Thiokol	Thiokol Chemical Corporation
Thiokol	Morton-Thiokol Inc.
Thiokol	Cordant Technologies Inc.
Thiokol	Thiokol Propulsion
Thiokol	AIC Group
Thiokol	ATK Thiokol
Thiokol	ATK Launch Systems Group
Toyota Australia	Toyota Motor Corporation Australia
Kitware	Kitware, Inc.
Système U	UNICO
Système U	U
Nomad	Nōmaddo
Alfred McAlpine	Alfred McAlpine plc
William Denny and Brothers	William Denny and Brothers Limited
William Denny and Brothers	Denny
Otava	Kustannusosakeyhtiö Otava
Make-up Art Cosmetics	M·A·C
Make-up Art Cosmetics	MAC Cosmetics
Eye-Fi	Eye Fi
Eye-Fi	EyeFi
h.a.n.d.	h.a.n.d. Inc.
BRB Internacional	B.R.B Internacional S.A.
Papa John's	Papa John's Pizza
Ateme	ATEME
Adcash	Adcash advertising networks
Adcash	Adcash advertising technology
Aeromarine	Aeromarine Plane and Motor Company
Aeromarine	Aeromarine-Klemm Corporation
RADWIN	以色列瑞赢
RADWIN	רדווין
Birmingham Railway Carriage and Wagon Company	BRCW
Orange RDC	Congo Chine Télécoms
Orange RDC	Congo Chine Télécom
Orange RDC	Orange
Digital Image Design	DID
Doga Kobo	Dogakobo
Evergreen International Aviation	Evergreen International Aviation, Inc.
Atresmedia	Antena 3 de Televisión
Atresmedia	Antena 3 de Televisión, S.A.
Atresmedia	Atresmedia Corporación de Medios de Comunicación, S.A.
Ingenico Group	Ingenico
The Source	La Source
The Source	The Source (Bell) Electronics Inc.
The Source	RadioShack
The Source	The Source by Circuit City
National Air Traffic Services	NATS Holdings
R	R Cable y Telecommunications Galicia, S.A.
R	R Cable y Telecommunications Galicia, Sociedad Anónima
Sociedad Hispano-Marroquí de Transportes	Carranza y Berndhart
Sociedad Hispano-Marroquí de Transportes	Hisma
Sociedad Hispano-Marroquí de Transportes	Spanish-Morrocan Transport Company
NBBJ	Naramore, Bain, Brady & Johanson
Orange España	Orange Spain
TRAFFIC	wildlife trade monitoring network
Indian Postal Service	Postal Service in India
Urban Outfitters	Urban Outfitters, Inc.
Irwin Industrial Tools	IRWIN Industrial Tools
Irwin Industrial Tools	IRWIN TOOLS
Electric Power Development Company	J-POWER
Electric Power Development Company	J POWER
Electric Power Development Company	EPDC
Electric Power Development Company	Dengen Kaihatsu
ASEES	Sino-Spanish Association for Energy and Sustainability
GeoEye	ORBIMAGE
GeoEye	GeoEye Inc.
Bayer HealthCare Pharmaceuticals	Berlex
Dübs and Company	Dübs
Dübs and Company	Dübs & Co.
Dübs and Company	Dubs and Company
J. B. Hunt	J.B. Hunt Transport Services, Inc.
Giordano	Giordano, International Limited
Multiregional TransitTelecom	MTT
Twitch	Twitch.tv
51 Minds Entertainment	Fifty One Minds Entertainment
Abbot Group	Abbot Group Limited
Ace	Ace Aircraft Manufacturing Company
Ace	Corben Sport Plane and Supply Company
Ace	Ace Aircraft, Inc.
Acorn Computers	Acorn Computers Ltd
American Machine and Foundry	AMF
BEC	Business Empire Consulting
BSA Company	BSA Company Limited
BSA Company	BSA
Bates Smart	Reed, Smart and Tappin
Royce'	Royce' Confect
Blake's Lotaburger	Blake's
Blake's Lotaburger	Lotaburger
Bona AB	Bona
Bona AB	Bonakemi
Bona AB	bonax
Brush Development Company	Brush Labs
CBS Interactive	CBS Digital Media Group
CNR Dalian	CNR Dalian Locomotive and Rolling Stock Company
CNR Dalian	DLoco
CNR Dalian	CNR Dalian Locomotive & Rolling Stock Co., Ltd.
CORE Media Group	CKX, Inc.
Certis CISCO	CISCO Security Private Limited
Certis CISCO	Certis CISCO Security Private Limited
Construction Industry Council Hong Kong	Construction Industry Council
Corona	Alexandria confectionery & chocolate company
Crewe Works	Crewe railway works
Dick Smith	Dick Smith Electronics
Dick Smith	DSE
Electronic Entertainment Design and Research	EEDAR
Family Dollar	Family Dollar Stores, Inc.
Family Dollar	FDO
Flintco	Flintco, LLC
Fortyfive	AIM
Foster Yeoman	Foster Yeoman Limited
G3	Good Governance Group
Game Retail Limited	The Game Group plc
Game Retail Limited	Game
Grace	GraceKennedy Limited
Harriet Carter	Harriet Carter Gifts Inc
Harrison and Sons	Harrison & Sons
Harrison and Sons	Harrison and Co.
Harrison and Sons	Harrison and Sons Ltd
Harrison and Sons	Harrison and Son
Harrison and Sons	Harrison & Son
Harrison and Sons	H&S
Corning Inc.	Corning Glass Works
Joy City Property	Joy City Property Limited
Joy City Property	Ming Ren Investment & Enterprises Ltd.
Joy City Property	Ming Ren Investment & Enterprises
Joy City Property	Ming Ren Holding Co.Ltd.
Joy City Property	Ming Ren Holding
Joy City Property	The HONG KONG PARKVIEW GROUP Co.Ltd.
Joy City Property	The HONG KONG PARKVIEW GROUP
Joy City Property	COFCO Land
Joy City Property	COFCO Land Holdings
Joy City Property	COFCO Land Holdings Limited
Hysan Development Company Limited	Hysan Development
INTO University Partnerships	int
J D Wetherspoon	J D Wetherspoon plc
J D Wetherspoon	Wetherspoon's
Stansaab	Stansaab AS
Jarden	Jarden Corporation
ENFOS, Inc.	ENFOS
Logan	Logan Construction Company
Macmillan Publishers	Macmillan Publishers USA
Macmillan Publishers	Macmillan & Co.
Macmillan Publishers	The Macmillan Company
Tokyo Broadcasting System Television	TBS Television
Micro Electronics, Inc.	MEI
Micromuse	Micromuse Inc.
Model N	Model N, Inc.
Morgan	Morgan de Toi
Morris & Co.	Morris, Marshall, Faulkner & Co.
Motion Picture Corporation of America	MPCA
Mount Lyell Mining and Railway Company	Mount Lyell Mine
Mount Lyell Mining and Railway Company	Mount Lyell Company
Next	Next Retail India Ltd
Nishat Group	Mian Muhammad Mansha
Noise	Noise Inc.
Och-Ziff Capital Management	Och-Ziff Capital Management Group
Odisha TV	OTV
Odisha TV	Orissa TV
CMD Group	Reed Construction Data
SCG International Risk	SCG International
Sinclair Radionics	Sinclair Radionics Ltd
Stagecoach London	East London Bus Group
SunRun	Sunrun Inc.
The Sun	theSun
Tokaido	Tōkaidō
UFO Interactive Games	UFO Interactive Games, Inc.
UniFirst	UniFirst Uniforms
UniFirst	UniFirst Corp.
UniFirst	UniFirst Facility Services
Universal Technical Institute	UTI
Vienna Hotels	Vienna Hotel Group Limited
Vienna Hotels	维也纳精品连锁酒店
Warner Bros. Television Distribution	WBDTD
Wingstop	Wingstop Restaurants, Inc.
X-Rite	فارسي
Xi'an Aircraft International	Xi'an Aircraft International Corporation
Xi'an Aircraft International	XAIC
Xi'an Aircraft International	000768
SCO Group	SCO
SCO Group	TSG
SCO Group	The SCO Group
SCO Group	Caldera
SCO Group	Caldera International
SCO Group	The TSG Group
SCO Group	UnXis
SCO Group	UnXis, Inc.
SCO Group	Xinuos
SCO Group	Xinuos, Inc.
SCO Group	Caldera Systems
Multiconsult	MC
Sterilgarda	Sterilgarda Alimenti
Sterilgarda	Sterilgarda Alimenti S.p.A.
Audimas	AB Audimas
Nettbuss express	Säfflebussen
Nettbuss express	Saefflebussen
Nettbuss express	Safflebussen
Nettbuss express	Säfflebussen AB
Nettbuss express	AB Säffle Reseservice
Nettbuss express	GoByBus
Nettbuss express	Nettbuss Express AB
Nettbuss express	Nettbuss Ekspress AS
Local World	Local World Ltd.
Cloud Imperium Games	Cloud Imperium Games, LLC
CamelBak	CamelBak Products, LLC
PTT Global Chemical Public Company Limited	PTTGC
John Thompson	John Thompson Limited
IMG Academy	The Pendleton School
IMG Academy	Pendleton School
IMG Academy	The IMG Pendleton School
IMG Academy	Nick Bollettieri Tennis Academy
IMG Academy	IMG Pendleton School
John Player & Sons	Player's
Hertz Car Sales	Hertz Rent2Buy
Boeing	The Boeing Company
Sinclair Research	Sinclair Research Ltd
Sinclair Research	Sinclair Instrument Ltd
Sinclair Research	Science of Cambridge Ltd
Sinclair Research	Science of Cambridge
Sinclair Research	Cambridge Computers
Ursus Breweries	Timișoreana
Ursus Breweries	Ursus
Ursus Breweries	Timişoreana
Ursus Breweries	Ursus Beer
Ursus Breweries	Timisoreana
Ursus Breweries	Bere Ursus
Hamburger Hochbahn	Hamburger Hochbahn AG
Hamburger Hochbahn	HHA
Transports en commun lyonnais	TCL
International Airlines Group	IAG
International Airlines Group	International Consolidated Airlines Group, S.A.
International Airlines Group	International Consolidated Airlines Group SA
Boeing Commercial Airplanes	BCA
Abarth	Abarth & C. Spa
Mercedes-AMG	AMG
Bitter Automobile	Bitter Cars
Odd Lot Entertainment	OddLot Entertainment
WWE	World Wrestling Entertainment
WWE	World Wrestling Federation
WWE	WWF
IBM	International Business Machines Corporation
IBM	Big Blue
PNC Financial Services	PNC
Canonical Ltd.	Canonical
Rickenbacker	Rickenbacker International Corporation
Sportech	Sportech PLC
TVR	Trevor
Sharp Corporation	Sharp
Radiotelevisión Española	Corporación de Radio y Televisión Española, S.A.
Radiotelevisión Española	Ingles
Vauxhall Motors	Vauxhall
Hewlett-Packard	HP
Hewlett-Packard	Hewlett-Packard Company
Rockstar North	DMA Design Ltd
Rockstar Games	Rockstar NYC
Warner Bros.	Warner Bros. Pictures
Warner Bros.	Warner Bros. Entertainment Inc.
Warner Bros.	Warner Bros. Studios
Warner Bros.	Warner Brothers
Warner Bros.	WB
Pixar	Pixar Animation Studios
Dollar General	Dollar General Corporation
Dollar General	DG
Dollar General	DolGenCorp
Waterstones	Waterstone's
ExxonMobil	Exxon Mobil Corporation
ExxonMobil	Exxon Mobil Corp.
Raytheon	Raytheon Company
The Royal Bank of Scotland	The Royal Bank of Scotland plc
The Royal Bank of Scotland	Royal Bank of Scotland
The Royal Bank of Scotland	RBS
Oakley, Inc.	Oakley
LG Electronics	LG Electronics Inc.
Axel Springer AG	Axel Springer
Hydro-Québec	Hydro Québec
Hydro-Québec	Hydro Quebec
Hydro-Québec	Hydro-Quebec
Pratt & Whitney	P&W
Pratt & Whitney	PW
Metro-Goldwyn-Mayer	MGM
Hennes & Mauritz	H&M
Louis Vuitton	Louis Vuitton Malletier
Louis Vuitton	LV
Pizza Hut	Pizza Hut, Inc.
Ziehl-Abegg	Ziehl-Abegg SE
Finnair	Finnair Oyj
Finnair	Finnair Plc
American Motors	American Motors Corporation
American Motors	AMC
Walt Disney World Resort	Walt Disney World
Pfizer	Pfizer, Inc.
Square Enix	Square Enix Holdings Co., Ltd.
Ilyushin	Ilyushin Aviation Complex
Ilyushin	Open Joint Stock Company «Ilyushin Aviation Complex»
Ilyushin	Ilyushin Design Bureau
2K Czech	Illusion Softworks
Robert Bosch GmbH	Bosch
Zurich Cantonal Bank	Zürcher Kantonalbank
Avro	A.V. Roe
Society for Worldwide Interbank Financial Telecommunication	SWIFT
A&W Restaurants	A & W Restaurants
A&W Restaurants	A&W All-American Food Restaurant
A&W Restaurants	Teen Burger
A&W Restaurants	Baby Burger
A&W Restaurants	Mama Burger
A&W Restaurants	A&W All-American Food
A&W Restaurants	A&w all-american food
A&W Restaurants	A&w all-american food restaurant
A&W Restaurants	A&w restaurants
A&W Restaurants	A&W Restaurants Inc.
A&W Restaurants	A&W Restaurants, Inc.
A&W Restaurants	A&W Restaurant
A. Lange & Söhne	Lange & Sohne
A. Lange & Söhne	A. Lange & Sohne
A123 Systems	A123
A123 Systems	Battery range extender module
A123 Systems	Battery Range Extender Module
A123 Systems	A123Systems
Alvis plc	Alvis Vickers plc
Alvis plc	Alvis Ltd.
iQue	iQue, Ltd.
ACDelco	AC Delco
ACDelco	Delco-Moraine
ACDelco	Delco Moraine
ACDelco	A.C. Delco
ACDelco	United Motors Company
ACDelco	Delco United
ACDelco	United Motors Service
ACDelco	United Motors Corporation
ACDelco	AC-Delco
ACDelco	AC Spark Plug
ACD Systems	ACD Systems Digital Imaging
ACD Systems	ACDsee
ACD Systems	Acd see
ACD Systems	ACDSystems
Íslandspóstur	Iceland Post
Íslandspóstur	Pósturinn
Íslandspóstur	Posturinn
Íslandspóstur	Islandspostur
AKG Acoustics	AKG Acoustics GmbH
ALROSA	Alrosa Company Ltd.
ALROSA	Alrosa Co. Ltd.
ALROSA	Almazy rossii-sakha
ALROSA	Alrosa
Altran	Altran Technologies
Altran	Altran Group
Ansys	ANSYS
Ansys	Ansoft
Ansys	ANSYS Inc.
Ansys	Ansoft Corporation
Ansys	ANSYS, Inc
Ansys	Fluent, Inc.
Ansys	ANSYS, Inc.
APN News & Media	APN Holdings
APN News & Media	APN News & Media Limited
APN News & Media	Australian Provincial Newspapers
APN News & Media	APN News
APN News & Media	The Northland Age
ASCII	ASCII (magazine)
ASCII	ASCII Corporation
ASCII	ASCII Entertainment
ASCII	ASCII Entertainment Software
ASCII	ASCII Shuppansha
ASCII	ASCII Microsoft
ASCII Media Works	Dengeki
ASCII Media Works	Dengeki Game Bunko
ASCII Media Works	Sylph Comics
ASCII Media Works	ASCII MediaWorks
ASCII Media Works	株式会社アスキー・メディアワークス
ASELSAN	Aselsan
AU Optronics	AU Optronics Corp.
Austrian Student Aid Foundation	Home4students
Next Computer, Inc.	Next, Inc.
Next Computer, Inc.	Next Computer, Inc.
Next Computer, Inc.	Next Software, Inc.
Beretta	Fabbrica d'Armi Pietro Beretta
ČEZ Group	ČEZ
ČEZ Group	CEZ
ČEZ Group	CEZ Gruop
Mediaset S.p.A.	Gruppo Mediaset
Jack Daniel's	JD
Standard Oil	Standard Oil Co. Inc.
Standard Oil	Standard Oil Company
Sony Mobile Communications	Sony Mobile
Sony Mobile Communications	Sony Ericsson Mobile Communications AB
American Locomotive Company	ALCO
American Locomotive Company	ALCo
American Locomotive Company	Alco
Shikoku Electric Power	YONDEN
Crelan	Landbouwkrediet
Crelan	Crédit agricole
AgustaWestland	AgustaWestland NV
Disney Cruise Line	Magical Cruise Company Limited
K Line	Kawasaki Kisen
K Line	Kawasaki Kisen Kaisha
Dassault Aviation	Dassault Aviation
European XFEL	European X-Ray Free-Electron Laser
European XFEL	European X-Ray Free-Electron Laser GmbH
European XFEL	XFEL.EU
Steelcase	Steelcase, Inc.
Steelcase	The Metal Office Furniture Company
Steelcase	Steelcase Inc.
LoveFilm	LOVEFiLM
Lotte	Lotte Co.
JYP Entertainment	JYP Ent.
Chosun Broadcasting Company	TV Chosun
Foundry Networks	Foundry Networks, Inc.
The Gillette Company	Gillette
Lions Gate Entertainment	Lionsgate
Lions Gate Entertainment	Lions Gate Entertainment Corporation
Neckar	NSU-Fiat
SAP SE	SAP AG
Wall Street English	Wall Street Institute
Goliath	Goliath-Werke Borgward & Co.
Bavaria Yachtbau	Bavaria Yachtbau GmbH
Imperial Airways	Speedbird
4Kids	4Kids Entertainment
British Rail	BR
British Rail	British Railways
Bolsas y Mercados Españoles	BME
Ubisoft Ukraine	Ubisoft Kiev
Dyson	Dyson Ltd
Braun	Braun GmbH
Braun	Braun AG
Computer Entertainment Rating Organization	CERO
Business Network International	BNI
Nauru Phosphate Corporation	RONPhos
ZiL	Zavod imeni Likhachova
Focus Features	USA Films
Focus Features	Universal Focus
Focus Features	Good Machine
Focus Features	Gramercy Pictures
Focus Features	October Films
Schifffahrtsgesellschaft des Vierwaldstättersees	SGV
Black Rock Studio	Pixel Planet
Vossloh	Vossloh AG
Digital Equipment Corporation	DEC
Electronic Data Systems	EDS
Vienna Insurance Group	VIG
Ubisoft Blue Byte	Blue Byte Software
Arup	Arup Group Limited
North British Locomotive Company	NBL
S.P. Korolev Rocket and Space Corporation Energia	RKK Energia
Tachikawa	Tachikawa Aircraft Company Ltd
Tachikawa	Tachikawa Hikoki K.K.
Tachikawa	Ishikawajima Aircraft Manufacturing Company
Worldvision Enterprises	ABC Film Syndication
Worldvision Enterprises	ABC Films
Snecma	Snecma S.A.
Snecma	Société nationale d'études et de construction de moteurs d'aviation
Snecma	National Aviation Engine Design and Construction Company
Lefèvre-Utile	LU
Avon Rubber	Avon Rubber PLC
Fellowes	Fellowes, Inc.
Sony Pictures Entertainment	SPE
Sinopec	China Petroleum & Chemical Corporation
Sinopec	Sinopec Limited
Bones	BONES
Corel	Corel Corporation
Transmeta Corporation	Transmeta
OCBC Wing Hang Bank	Wing Hang Bank
OCBC Wing Hang Bank	Wing Hang Bank Limited
OCBC Wing Hang Bank	OCBC Wing Hang Bank Limited
Construcciones y Auxiliar de Ferrocarriles	CAF
Kowloon–Canton Railway Corporation	KCRC
Kowloon–Canton Railway Corporation	Kowloon-Canton Railway Corporation
TBS Radio & Communications	TBS R&C
TBS Radio & Communications	TBS Radio
VNG	VinaGame
Endemol	Endemol Group
Siddeley-Deasy	Siddeley-Deasy Motorcar Company Limited
The Blackstone Group	The Blackstone Group L.P.
Glory	GLORY
Booz Allen Hamilton	Booz Allen
Booz Allen Hamilton	Booz Allen Hamilton Inc.
German Maritime Search and Rescue Service	Deutsche Gesellschaft zur Rettung Schiffbrüchiger
Wesfarmers	Wesfarmers Limited
France Telecom	FT
France Telecom	France-Telecom
British South Africa Company	BSAC
British South Africa Company	BSACo
Qlik	QlikTech
Fox Entertainment Group	Fox Entertainment Group, Inc.
Lloyd's Register	Lloyd's Register of Shipping
C. H. Robinson Worldwide	C.H. Robinson Worldwide, Inc.
Kering	PPR
Kering	Pinault-Printemps-Redoute
Bomis	Bomis.com
Jagex	Jagex Games Studio
Maxtor	Maxtor Corporation
Maruti Suzuki	Maruti Udyog
Thawte Consulting	Thawte
C1RCA	Circa
Bus Éireann	Bus Eireann
Bus Éireann	Irish Bus
Cadillac Fairview	Cadillac Fairview Corporation Limited
Cuauhtémoc Moctezuma Brewery	Cervecería Cuauhtémoc-Moctezuma
The 3DO Company	3DO
The 3DO Company	SMSG, Inc.
Nash Motors	Nash Motors Company
Church's Chicken	Texas Chicken
Indian	Indian Motorcycle Manifacturing Company
News UK	News International
News UK	News Corp UK & Ireland Limited
OMX	OMX AB
OMX	Aktiebolaget Optionsmäklarna/Helsinki Stock Exchange
Terra Networks	Terra Networks, S.A.
Terra Networks	Telefónica Interactiva, S.A.
Terra Networks	Telefónica Comunicaciones Interactivas, S.A.
Lafarge	Lafarge S.A.
Lloyds Bank	Lloyds Bank plc
Lloyds Bank	Lloyds TSB
Bandai Namco Games	Namco Bandai Games
Bandai Namco Games	BNGI
Domino Recording Company	Domino
Forschungszentrum Informatik	FZI
Osaka Exchange	Osaka Securities Exchange
General Dynamics Electric Boat	Electric Boat Co.
Singer Corporation	I.M. Singer & Co.
Singer Corporation	Singer Manufacturing Company
Singer Corporation	The Singer Company
WSP Group	WSP Group plc
Entertainment One	Entertainment One, Ltd.
Entertainment One	eOne
Alenia	Alenia Aeronautica
Eskom	ESKOM
Eskom	ESCOM
Eskom	Electricity Supply Commission
Fadesa	Edificaciones Coruñesas, S.A.
Fadesa	Urbanizadora Inmobiliaria Fadese, S.A.
Fadesa	Fadesa Inmobiliaria, S.A.
Fadesa	Fadesa Inmobiliaria
REFER	Rede Ferroviária Nacional
Scaled Composites	Scaled Composites, LLC
SAI Ambrosini	Ambrosini
SAI Ambrosini	Società Aeronautica Italiana
Glenn L. Martin Company	Martin Company
National Australia Bank	NAB
National Australia Bank	nab
National Australia Bank	National Australia Bank Limited
Fortum	Fortum Oyj
Royal Copenhagen	Royal Porcelain Factory
Royal Copenhagen	Den Kongelige Porcelænsfabrik
GOG.com	Good Old Games
GOG.com	GOG
Gant U.S.A.	GANT
Gathering of Developers	God Games
Gathering of Developers	Gathering
GEICO	Government Employees Insurance Company
Reality Pump Studios	Reality Pump
Gloster	GAC
Gloster	Gloster Aircraft Company
Gloster	Gloucestershire Aircraft Company Limited
Gnome et Rhône	Gnome Engine Company
Gnome et Rhône	Gnome-Rhone
Gnome et Rhône	Société Des Moteurs Gnome
Visceral Games	EA Redwood Shores
Intouch Holdings	Shin Corporation
IHI Corporation	Ishikawajima-Harima Heavy Industries Co., Ltd.
Institut National de la Recherche Agronomique	INRA
Isotta Fraschini	Società Milanese Automobili Isotta, Fraschini & C.
Ivchenko-Progress	OKB zavoda 478
Jones Lang LaSalle	Jones Lang LaSalle Incorporated
Metal Storm	Metal Storm Limited
Danish Audiophile Loudspeaker Industries	DALI
Saunders-Roe	Saro
Saunders-Roe	Saunders Roe
Saunders-Roe	Saunders-Roe Limited
On2 Technologies	The Duck Corporation
Lichte Porzellan	Lichte porcelain
InterContinental	InterContinental Hotels & Resorts
Adani Power	Adani Power Limited
Lycoming	Avco Lycoming
Lycoming	Textron Lycoming
Lycoming	Lycoming Engines
Lycoming	Demorest Manufacturing Company
Lycoming	Demorest Fashion and Sewing-Machine Company
Lycoming	Lycoming Foundry and Machine Company
Mariella Burani Fashion Group	MBFG
Saudi Binladin Group	SBG
Northwestern Ship Repairers and Shipbuilding	Northwestern Shiprepairers & Shipbuilders
Nuvoton	新唐科技
Open Text Corporation	OpenText Corporation
Revolution Software	Revolution Software Ltd.
Swan Hunter	Swan Hunter & Wigham Richardson
RSA	RSA Security LLC
RSA	RSA Security, Inc.
Atlantic Coast Line Railroad	ACL
Official Charts Company	The Official UK Charts Company
Official Charts Company	Chart Information Network
Official Charts Company	OCC
Official Charts Company	CIN
Stuarts	Stuarts Department Stores Inc
Continental Motors	Continental Aircraft Engine Company
Continental Motors	Teledyne Continental Motors
SIG Sauer	SIG Sauer GmbH
Siemens & Halske	Siemens-Halske
Siemens & Halske	Telegraphen-Bauanstalt von Siemens & Halske
Tate & Lyle	Tate & Lyle plc
Clerget-Blin	Société Clerget-Blin et Cie
Clerget-Blin	Pierre Clerget
Voxx International	Audiovox
Zynga Dallas	Bonfire Studios
PZL-Świdnik	PZL-Swidnik
PZL-Świdnik	PZL Swidnik
Corporation for Public Broadcasting	CPB
Mediaset España	Mediaset España Comunicación
Mediaset España	Gestevisión Telecinco
Sumitomo Mitsui Banking Corporation	SMBC
Maple Leaf Foods	Canada Packers
National Westminster Bank	NatWest
National Westminster Bank	National Westminster Bank Plc
Sociedad Española de Construcción Naval	Sociedad Española de Construcción Naval - (SECN)
Sociedad Española de Construcción Naval	Spanish Society for Naval Construction (SECN)
Anaconda Copper	Amalgamated Copper Mining Company
Carrozzeria Barbi	Barbi
Bofors Carl Gustaf	Carl Gustafs stads gevärsfaktori
Charvet Place Vendôme	Charvet
Imagi Animation Studios	Imagi Studios
Imagi Animation Studios	Imagi
First National Bank	FNB
Gandi	Gandi.net
Gandi	Gandi SAS
Gandi	Gestion et Attribution des Noms de Domaine sur Internet
Henry Holt and Company	Henry Holt & Company
English Schools Foundation	ESF
Oysho	Oyshp España, S.A.
News Corp Australia	News Limited
Orange Romania	Orange România
Kongsberg Defence & Aerospace	KDA
Semitan	Société d'économie mixte des transports en commun de l'agglomération nantaise
Semitan	SEMITAN
Street & Smith	Street & Smith Publications, Inc.
Kerala Co-operative Milk Marketing Federation	Milma
Van's Aircraft	Vans Aircraft
WSOY	Werner Söderström Corporation
Wockhardt	Worli Chemical Works
Emirates Integrated Telecommunications Company	du
Reliance Entertainment	Reliance BIG Entertainment
Xi'an Aero-Engine Corporation	XAEC
China CNR Corporation	China CNR Corporation Limited
China CNR Corporation	CNR
China CNR Corporation	China North Locomotive and Rolling Stock Industry (Group) Corporation
S Group	S-ryhmä
S Group	Suomen Osuuskauppojen Keskuskunta
S Group	SOK
AST	Andrey-Sergei-Tatiana
Interdnestrcom	Interdnestrkom
National Bank of Uzbekistan	NBU
Adam & Eve	adam&eve
Adam & Eve	adam and eve
Adam & Eve	adameve
Advanced Aircraft	Advanced Aircraft Corporation
Advanced Aircraft	AAC
Advanced Aircraft	Riley Advanced Aircraft Corp.
ArcelorMittal Galați	Galați Steel Works
ArcelorMittal Galați	Sidex Galați
Aerial Service	Aerial Service Corporation
Aerial Service	Mercury Aircraft
Angel	Angel.com Incorporated
Angel	Angel.com
Arriva UK Trains	Arriva UK Trains Limited
Artificial Eye	Artificial Eye Film Company Ltd
Avonside Engine Company	Avonside Engine Company Ltd.
Boux Avenue	Boux Avenue Ltd.
Nalli	Nalli - Chinnasami Chetty
CJ E&M Film Division	CJ Entertainment
CJ E&M Film Division	CJ E&M Pictures
CMG	Computer Management Group
Caffé Vita Coffee Roasting Company	Caffe Vita
InfiniDB	Calpont Corporation
Capriotti's	Capriotti’s Sandwich Shop
China Food TV	中华美食频道
China Motor Bus	CMB
Cirque Productions	Cirque Dreams
Collingwood & Co.	Collingwood O'Hare
Telekom Romania	Cosmote Romania
Telekom Romania	Cosmote România
Telekom Romania	Cosmote Romanian Mobile Telecommunications SA
Cotai Jet	Cotai Water Jet
DZRJ-TV	RJTV
CNR Datong Electric Locomotive Co.	Datong locomotive factory
Extra Hipermercados	Extra
Extra	Extra MSA Services Ltd
Franklin	Franklin Automobile Company
From The Bench Digital Entertainment	From The Bench Games
glh.	GLH Hotels Management (UK) Ltd
Hall	Hall Cycle and Plating Company
Hall	Hall Motor Car Company
Hamilton	Hamilton Motors Company
Hesketh Motorcycles	Hesketh
Hobby Express	Hobby Lobby International
Hobby Express	Family Time Hobbies, LLC
InterServ International Inc	InterServ
Jisc infoNet	JISC infoNet
Jaguar Land Rover	Jaguar Land Rover Automotive
Bell/Agusta Aerospace Company	BAAC
Medium	Cross Computer Consulting
Medium	Coptix Incorporated
Medium	Coptix Inc.
Nova	Nova Group
Chef	Opscode
Orange	Orange Business Services India
Orange	OBS India
POET	POET LLC
Pfizer UK	Pfizer Limited
Play	P4
Pokka Sapporo Food & Beverage	Pokka
Redbus.in	BookBusNow
Rustan's	Rustan's Department Store
Saaremaa Shipping Company	Saaremaa Laevakompanii
Sabritas	Sabritas, S. de R.L. de C.V.
Tefen	Tefen Management Consulting
Tefen	Tefen Consulting
William Low	Willie Low's
William Low	Wm Low
New Lantao Bus	NLB
Mt.Gox	Magic: The Gathering Online eXchange
Mt.Gox	MtGox
Mt.Gox	Mt. Gox
Orbitel (Telecommunications)	Orbitel
Pierro	Pierro Margaret River Vineyards
Forever	Forever.com
Altorfer Bros. Company	ABC Washer Company
Altorfer Bros. Company	ABC
Altorfer Bros. Company	Altorfer Brothers Company
Pinnacle Foods	Pinnacle Foods Group LLC
Pinnacle Foods	Vlasic Foods International
Maganlal Dresswala & Co.	Maganlal Dresswala
Snowbird Airlines	Snowbird Airlines Oy
ACTIVE Network, LLC	ACTIVE
ACTIVE Network, LLC	ACTIVE Network
ACTIVE Network, LLC	ACTIVE.com
Dōnan Isaribi Railway	Donan Isaribi Railway
Airbus	Airbus SAS
Google	Google Inc.
Intel	Intel Corporation
Megaupload	Megaupload Limited
recorded at	studio
recorded at	recording studio
recorded at	recording venue
AvtoVAZ	Lada
AvtoVAZ	Volzhsky Avtomobilny Zavod
AvtoVAZ	Avtomobilniy Volzhsky Avtomobilny Zavod
Piraeus Bank	Winbank
Piraeus Bank	Piraeus Bank Group
Renault	Renault S.A.
VMware	VMware Inc.
Hutchison Whampoa	Hutchinson Whampoa
Nissan	Nissan
Agricultural Bank of China	ABC
Alvis Car and Engineering Company Ltd	Alvis
Aston Martin	Aston Martin Lagonda Limited
AOL	America Online
AOL	AO-Hell
Fabryka Samochodów Ciężarowych	FSC
Holden	GM Holden Ltd (Holden)
Holden	Holden Ltd
Holden	General Motors-Holden's Ltd
Lite-On	LiteOn
Lite-On	LiteON
Maybach	Maybach-Motorenbau GmbH
European Pressphoto Agency	European Pressphoto Agency B.V.
Sony	Sony Corporation
CNN	CNN.co.jp
CNN	CNN
CNN	CableNewsNetwork
CNN	Cable News Network
CNN	ケーブルニュースネットワーク
CNN	CNN USA
CNN	CNN/U.S.
Sanyo	Sanyo Electric Co., Ltd
Indonesian Aerospace	IAe
Indonesian Aerospace	Dirgantara Indonesia
Indonesian Aerospace	DI
Indonesian Aerospace	Industri Pesawat Terbang Nusantara
Indonesian Aerospace	IPTN
Indonesian Aerospace	Lembaga Industri Penerbangan Nurtanio
Indonesian Aerospace	LIPNUR
SSAB	SSAB Swedish Steel AB
SSAB	SSAB Svenskt Stål AB
General Electric	General Electric Company
General Electric	GE
Deutsche Bank	Deutsche Bank AG
General Motors	GM
Levi Strauss & Co.	LS&CO
Levi Strauss & Co.	Levi's
World Championship Wrestling	WCW
Alcoa	Aluminum Company of America
Hochtief	Hochtief Aktiengesellschaft
Hochtief	HOCHTIEF
Asus	ASUSTeK
Asus	ASUSTeK Computer Inc.
Bertelsmann	Bertelsmann SE & Co. KGaA
Unilever	Unilever PLC
Unilever	Unilever N.V.
Unterhaltungssoftware Selbstkontrolle	USK
Deutsche Börse AG	Deutsche Börse Group
Paramount Pictures	Paramount Pictures Corporation
Burger King	Burger King Corporation
Burger King	BK
Ricoh	Ricoh Company Ltd.
Blizzard Entertainment	Blizzard Entertainment, Inc.
Blizzard Entertainment	Silicon & Synapse
Bridgestone	Bridgestone Corporation
Entertainment Software Rating Board	ESRB
Ziff Davis	Ziff-Davis Publishing Co.
Zilog	Zilog, Inc.
Zilog	ZiLOG
Credo Reference	Xrefer
JTBC	Joongang Tongyang Broadcasting Company
Chanel	Chanel S.A.
Blohm + Voss	Blohm & Voss
Blohm + Voss	Blohm und Voss
Snail Games	Snail
Snail Games	Snail Game
Alexa	Alexa Internet
Alexa	Alexa Internet, Inc.
Ergonomidesign	Ergonomidesign
7-Eleven	7-11
Bayerische Oberlandbahn	Bayerische Oberlandbahn GmbH
ABC Motors	All British Engine Company
Anglo-Persian Oil Company	APOC
Anglo-Persian Oil Company	Anglo-Iranian Oil Company
Anglo-Persian Oil Company	AIOC
Westwood Studios	Westwood Associates
Çalık Holding	Calik Holding
888 Holdings	Pacific Poker
888 Holdings	888.com
888 Holdings	Casino on net
888 Holdings	888 Holdings plc
888 Holdings	Cassava Enterprises
888 Holdings	888ladies.com
888 Holdings	888sport.com
888 Holdings	888 holdings
A&E Design	A&e design
A&E Design	A & E Design
A. J. Foyt Enterprises	Foyt Enterprises
A. J. Foyt Enterprises	A.J. Foyt Racing
A. J. Foyt Enterprises	Foyt Racing
A. J. Foyt Enterprises	A.J. Foyt Enterprises
A. J. Foyt Enterprises	A J Foyt Enterprises
A. J. Foyt Enterprises	AJ Foyt Enterprises
A. J. Foyt Enterprises	A. J. Foyt Racing
Bharat Sanchar Nigam	Bharat Sanchar Nigam Limited
Bharat Sanchar Nigam	BSNL
A. Le Coq	A Le Coq
ABN AMRO	ABN AMRO Bank N.V.
ABN AMRO	ABN-AMRO
ABN AMRO	ABN-Amro
ABN AMRO	Abn amro morgans
ABN AMRO	ABN AMRO Holding N.V.
ABN AMRO	ABN Amro Holding
ABN AMRO	ABN AMRO Capital
ABN AMRO	ABNAMRO
ABN AMRO	ABNAmro
ABN AMRO	ABN AMRO North America
ABN AMRO	Amsterdam-Rotterdam Bank
ABN AMRO	ABN Amro
ABN AMRO	RFS Holdings
ABN AMRO	AAC Capital Partners
ABN AMRO	ABN AMRO Fund
ABN AMRO	ABN AMRO Investment Funds
ABN AMRO	ABN AMRO Bank Canada
ABN AMRO	ABN Amro Capital
ABN AMRO	ABN AMRO Capital Funding Trust V
ABN AMRO	ABN AMRO Capital Funding Trust VI
ABN AMRO	ABN AMRO Capital Funding Trust VII
ABN AMRO	Direktbank
ACNielsen	A.C. Nielsen
ACNielsen	AC Nielsen
ACNielsen	A.C.Nielsen
ACNielsen	A C Nielsen
ACNielsen	ACNielson
ACNielsen	ACNeilsen
ACNielsen	ACNeilson
ACNielsen	AC Neilsen
ACNielsen	AC Nielson
ACNielsen	AC Neilson
ACNielsen	A. C. Nielsen
ACNielsen	A.C. Nielsen Company
ACNielsen	Nielsen Consumer
ACNielsen	Arthur C. Nielsen, Jr.
Clément-Bayard	Clement-Bayard
Clément-Bayard	Clément-Bayard No.6
Sapporo Breweries	Sapporo Brewery
Ansaldo	Gio. Ansaldo & C.
Aegon N.V.	Aegon UK Plc
Aegon N.V.	AEGON
Aegon N.V.	Monumental Life Insurance Company
Aegon N.V.	Clark Consulting
Aegon N.V.	Clark, Inc.
Aegon N.V.	Western Reserve Life
Aegon N.V.	Western Reserve Life Assurance Co. of Ohio
Aena	AENA
Aena	Aeropuertos Españoles y Navegación Aérea
Aena	Aeropuertos Espanoles y Navegacion Aerea
Industria Aeronautică Română	Industria Aeronautica Romana
Industria Aeronautică Română	IAR SA
Industria Aeronautică Română	Industria Aeronautica Româna
Industria Aeronautică Română	ICA-Brasov
Aimco	Apartment Investment and Management Company
Aimco	Apartment Investment & Mgmt'A'
Aimco	Apartment Investment & Mgmt
Aimco	Apartment Investment & MgmtA
Aimco	APARTMENT INVT & MGMT
Aimco	Apartment Investment & Management Company
Aimco	AIMCO
Albtelecom	ALBtelecom
AMAG Automobil- und Motoren	Autombil- und Motoren AG
AMAG Automobil- und Motoren	AMAG (Switzerland)
AMAG Automobil- und Motoren	AMAG Automobil- und Motoren AG
AMC Theatres	AMC Theaters
AMC Theatres	AMC Entertainment Incorporated
AMC Theatres	AMC Entertainment Inc
AMC Theatres	AMC Cinemas
AMC Theatres	General Cinemas
AMC Theatres	AMC Entertainment
AMC Theatres	General Cinemas Companies Inc.
AMC Theatres	AMC Loews Theatres
AMC Theatres	AMC Entertainment, Inc.
AMC Theatres	AMC Theater
AMC Theatres	AMC Theatre
AMC Theatres	Durwood Theatre
AMC Theatres	Durwood Theatres
AMC Theatres	American Multi-Cinema
AMC Theatres	American Multi-Cinemas
AMC Theatres	American Multi Cinema
AMC Theatres	American Multi Cinemas
AMC Theatres	Cinema Sounds
AMC Theatres	Planet Movies by AMC
AMC Theatres	Planet Movies
AMC Theatres	AMC Cines
AMC Theatres	AMC Loews
AMP Limited	Australian Mutual Provident Society
AMP Limited	AMP Society
AMP Limited	AMP Ltd
AMP Limited	Amp ltd
AMP Limited	AMP Financial Services
AMP Limited	AMP limited
AMP Limited	AMP Bank
ANAS	Azienda Nazionale Autonoma delle Strade
ANZ Bank New Zealand	ANZ National
ANZ Bank New Zealand	ANZ New Zealand
ANZ Bank New Zealand	ANZ National Bank
ARC Resources	ARC Energy Trust
ARC Resources	ARC Resources Ltd.
ASB Bank	Auckland Savings Bank
ASB Bank	ASB bank
ASB Bank	Asbbank.co.nz
ASB Bank	ASB Information Centre
ASFiNAG	ASFINAG
AVL (engineering company)	AVL List
AVL (engineering company)	Avl list
AVL (engineering company)	Avl gmbh
AVL (engineering company)	AVL gmbh
AVL (engineering company)	AVL Gmbh
AVL (engineering company)	AVL GmbH
AVL (engineering company)	List Gmbh
AVL (engineering company)	List GmbH
AVL (engineering company)	AVL (Anstalt für Verbrennungskraftmaschinen List)
AVL (engineering company)	AVL (Anstalt fuer Verbrennungskraftmaschinen List)
AVL (engineering company)	AVL (Anstalt fur Verbrennungskraftmaschinen List)
AVL (engineering company)	AVL (Engineering Firm)
AVM GmbH	AVM A1-Card
AVM GmbH	A1-Card
AVM GmbH	A1 Card
AVM GmbH	A1 card
A Band Apart	Band Apart
OBI	Obi
OBI	OBI GmbH & Co. Deutschland KG
Aardman Animations	Aardman Animation
Aardman Animations	Aardman
Aardman Animations	Aardman Features
Aardman Animations	Aardman Studios
Aardman Animations	Aardman Animations, Ltd.
Aardman Animations	Ardman Animation
Aardman Animations	Aardman Classics
Aareal Bank	AarealBank
Österreichische Industrieholding	Osterreichische Industrieholding AG
Österreichische Industrieholding	ÖIAG
Österreichische Industrieholding	Österreichische Industrieholding AG
Österreichische Industrieholding	Osterreichische Industrieholding
Tempo	Vidal & Sohn Tempo-Werke GmbH
White Star Line	Oceanic Steam Navigation Company
White Star Line	White Star Line of Boston Packets
Daewoo	Daewoo Group
Transcend Information	Transcend
Tokyo Electric Power Company	TEPCO
Tokyo Electric Power Company	Tōkyō Denryoku
Tokyo Electric Power Company	Tokyo Denryoku
PepsiCo	PepsiCo Inc.
Hindustan Aeronautics Limited	HAL
Crédit Suisse	Credit Suisse Group AG
Magnum Photos	Magnum
Aero	Aero Tovarna Letadel
Aero	Aero Vodochody Narodni Podnik
African Lakes Corporation	African Lakes
Škoda Works	Skoda Works
Škoda Works	ŠKODA, a.s.
Airspeed Ltd.	Airspeed
The Gap, Inc.	Gap, Inc.
The Gap, Inc.	The Gap
Apple Store	Apple Retail Store
Dortmunder Actien Brauerei	DAB
ATR	Avions de Transport Régional
ATR	Aerei da Trasporto Regionale
Skidmore, Owings and Merrill	Skidmore, Owings & Merrill LLP
Skidmore, Owings and Merrill	SOM
American Automobile Association	AAA
Helaba	Landesbank Hessen-Thüringen
Amoco	Amoco Corporation
Amoco	Standard Oil Company (Indiana)
Hunting Aircraft	Percival Aircraft Company
Korea New Network	KNN
S.M. Entertainment	SM Entertainment
Ernst & Young	EY
Ernst & Young	Ernst & Young Global Limited
ArcelorMittal Kryvyi Rih	Kryvorizhstal
Deloitte	Deloitte Touche Tohmatsu
Deloitte	DTT International
Korea Exchange	KRX
Hokkaido Railway Company	JR Hokkaido
Hokkaido Railway Company	北海道旅客鉄道
Hokkaido Railway Company	JR北海道
West Japan Railway Company	JR West
Leidos	Science Applications International Corporation
Leidos	SAIC, Inc.
Bedford Vehicles	Bedford
Parker Pen Company	Parker
HUSS Park Attractions	HUSS Maschinenfabrik
Ann Arbor Railroad	AA
ABRSM	Associated Board
ABRSM	Associated Board of the Royal Schools of Music
ABRSM	AB
ABRSM	The Board
THQ	Toy Head Quarters
THQ	Toy HQ
THQ	Trinity Acquisition Corporation
THQ	TAC
THQ	T.HQ
BT Group	BT
BT Group	BT Group plc
BT Group	British Telecom
KBR	Kellogg Brown & Root
EA Los Angeles	Danger Close Games
SRI International	Stanford Research Institute
Discovery Communications	Discovery Communications, Inc.
Macy's	Macys
TÜV Rheinland	TUV Rheinland Group
TÜV Rheinland	TÜV Rheinland Group
TÜV Rheinland	TÜV Rheiland AG
Motorola Solutions	Motorola Solutions, Inc.
Larsen & Toubro	L&T
ArmorGroup	ArmorGroup International
Valentino SpA	Valentino Fashion Group
Bristol	Bristol
Bristol	Bristol Aeroplane Company
OJSC Russian Railways	Russian Railways
Landis+Gyr	Landis & Gyr
Daily Mail and General Trust	Daily Mail and General Trust plc
Saudi Aramco	Saudi Arabian Oil Company
Logica	Logica plc
Gamania Digital Entertainment	Gamania
Real	real,-
De La Rue	De La Rue plc
Walther arms	Carl Walther GmbH Sportwaffen
Walther arms	Walther
JUSCO	Japan United Stores Company
Costco	Costco Wholesale
NBCUniversal	NBCUniversal Media, LLC
NBCUniversal	NBCU
Asia Television	Asia Television Limited
Asia Television	ATV
Asia Television	HKATV
Verisign	VeriSign
Royal Bank of Canada	RBC
Neiman Marcus	Neimans
Neiman Marcus	Neiman Marcus, Inc
Neiman Marcus	Neiman Marcus, Inc.
Neiman Marcus	Neiman Marcus Inc
Neiman Marcus	Neiman Marcus Inc.
Neiman Marcus	Neiman Marcus Group
Kate Spade & Company	Liz Claiborne Inc.
Kate Spade & Company	Fifth & Pacific Companies
Avianca Holdings	Avianca-TACA
Avio	Avio S.p.A.
Avon Products	Avon Products, Inc
Avon Products	Avon
Aéroports de Paris	ADP
Bangor and Aroostook Railroad	BAR
Transnet	Transnet SOC Ltd
Caixa Econômica Federal	CEF
Yamana Gold	Yamana Gold Inc.
The Home Depot	Home Depot
SingTel	Singapore Telecommunications
BBN Technologies	Bolt, Belarek and Newman
Honeywell	Honeywell International, Inc.
Honeywell	Minneapolis Heat Regulator Company
Honeywell	Minneapolis-Honeywell Regulator Company
MGM Television	Metro-Goldwyn-Mayer Television
MGM Television	Metro-Goldwyn-Mayer Studios Television Group and Digital
Gaumont Film Company	Gaumont
Global Telecom Holding	Orascom Telecom Holding
Williams Companies	Williams Companies, Inc.
Metrowagonmash	Metrovagonmash
Metrowagonmash	MWM
Daybreak Game Company	Sony Online Entertainment
Elisa	Elisa Oyj
IAC/InterActiveCorp	IAC
China Pacific Insurance	China Pacific Insurance Group
China Pacific Insurance	CPIC Group
China Pacific Insurance	China Pacific Insurance Company
China Pacific Insurance	China Pacific Life Insurance Co., Ltd
China Pacific Insurance	China Pacific Property Insurance Co., Ltd.
Orbital Sciences Corporation	OSC
Orbital Sciences Corporation	Orbital
Carolco Pictures	Carolco Pictures, Inc.
United Technologies Corporation	UTC
The Lego Group	Lego Group
Momo	MOMO Srl
Momo	MOMO S.r.l
Populous	HOK Sport
Remington Arms	Remington Arms Company, Inc.
Mojang	Mojang AB
Mojang	Mojang Specifications
Mojang	Mojäng Aktiebolag
Krakatau Steel	Perusahaan Terbatas Krakatau Steel
Krakatau Steel	PT Krakatau Steel
Thales Group	Thales S.A.
Norwegian Data Inspectorate	Datatilsynet
Norwegian Data Inspectorate	The Norwegian Data Protection Authority
DekaBank Deutsche Girozentrale	Deutsche Girozentrale Deutsche Kommunalbank
DekaBank Deutsche Girozentrale	DekaBank GmbH
Research Triangle Park	RTP
DigitalGlobe	DigitalGlobe, Inc.
FCB	Foote, Cone & Belding
FCB	Draftfcb
ELBO	ELVO
easyGroup	EasyGroup Holdings Ltd
Valeo	Société anonyme française du Ferodo
SNCASE	Sud-Est
SNCASE	Societe nationale des constructios aeronautiques du Sud-Est
Popeyes Chicken & Biscuits	Popeyes Louisiana Kitchen
Emerson Electric	Emerson Electric Company
Emerson Electric	EMR
Tomy	Tomy Co.
Tomy	Takara Tomy
Tomy	Tomy Co., Ltd.
Shugart Associates	Shugart Corporation
Kansai Electric Power Company	KEPCO
Xi'an	Xi'an Aircraft Industrial Corporation
Xi'an	Xi'an Aircraft Company Limited
Xi'an	XAC
Xi'an	Avic Xi'an Aircraft Industry (Group) Company Ltd.
Xi'an	Xian
Fox Racing	Fox Head, Inc.
Fox Racing	Fox
Freeport-McMoRan	Freeport-McMoRan Copper & Gold Inc.
Freeport-McMoRan	Freeport
Ubisoft Massive	Massive Entertainment
NASDAQ OMX Group	The NASDAQ OMX Group, Inc.
Peninsular and Oriental Steam Navigation Company	P&O
Gauntlet	Gauntlet Enterprises
Opel Performance Center	OPC
International Capital Market Association	ICMA
Gold's Gym	Gold's Gym International, Inc.
Skanska	Skanska AB
Islamic Bank of Britain	IBB
Islamic Bank of Britain	Al Rayan Bank
Hoefler & Co.	Hoefler & Frere-Jones
Hydro Tasmania	Hydro Electric Commission
Hydro Tasmania	HEC
Hydro Tasmania	The Hydro
Hydro Tasmania	Tasmanian Hydro Electric Commission
Timex Group USA	Timex Corporation
Timex Group USA	Timex Group USA, Inc.
Syntex	Laboratorios Syntex SA
Albert Heijn	AH
Indonesia Stock Exchange	IDX
Neiva	Indústria Aeronáutica Neiva
Neiva	Neiva Aeronautical Industry
Rockstar Leeds	Mobius Entertainment
Rockstar Lincoln	Tarantula Studios
Viacom International Media Networks	MTV Europe
Navman	Talon Technology
Prysmian	Prysmian Group
Vector Motors	Vector Motors Corporation
OSI Group	OSI
Rio Tinto Alcan	Alcan
Orange Business Services	OBS
Nintendo Software Planning & Development	Nintendo SPD
Illumina	Illumina, Inc.
Illumina	ILMN
Pacific Biosciences	PACB
CVS Pharmacy	CVS/pharmacy
CVS Pharmacy	CVS
DeMoulas Market Basket	Market Basket
Republican National Committee	RNC
Kudos	Kudos Film and Television
SNVI	Entreprise Nationale des Véhicules Industriels
SNVI	National Company of Industrial Vehicles
TIME Sport International	Time
Tobii AB	Tobii Technology
Tobii AB	Tobii Pro
Tobii AB	Tobii Dynavox
Tobii AB	Tobii Tech
Cerwin-Vega	CV
Bjarke Ingels Group	BIG
VT Group	Vosper Thornycroft
Spike	Supaiku
Turner Scott Motorsports	Turner Motorsports
20th Century Fox Television	TCF Television Productions, Inc.
Saban Entertainment	Saban International
Saban Entertainment	Saban Productions
Acro Sport	Acro Sport Inc.
Mobileye	Mobileye N.V.
Cameron International	Cooper Cameron Corporation
Cameron International	CCC
Intu Properties	Capital Shopping Centres Group plc
Cengage Learning	Thomson Learning
Ciné-Asie Film Institute	Ciné-Asie
Mobil	Socony-Vacuum Oil Company
Mobil	Standard Oil Company of New York
Mobil	Socony
Kaplan	Kaplan International Colleges
MacSoft Games	Westlake Interactive
Karnataka State Road Transport Corporation	KSRTC
The Coca-Cola Company	Coca-Cola
The Coca-Cola Company	Coca Cola
PKWARE	PKWARE, Inc.
Rex-Acme	Rex
Paul	Boulangeries Paul SAS
Cierva Autogiro Company	Cierva Autogiro Co., Ltd.
Realtime Worlds	Realtime Worlds Ltd
Sheaffer	Sheaffer Pen Corporation
Société des Avions Bernard	Bernard planes
Ontario Lottery and Gaming Corporation	OLG
Stern	Stern Electronics, Inc.
Stern	Stern Pinball, Inc.
TM4	TM4 Inc.
TM4	TM4 Electrodynamic Systems
TM4	Electric TM4
Airports Authority of India	AAI
BAE Systems Land & Armaments	BAE Systems North America
Breisgau-S-Bahn	BSB
AMC Networks International Zone	Chello Zone
AMC Networks International Zone	AMC Networks International — Zone
feelplus	Scarab
KMD	Kommunedata
Aldar Properties	Aldar Properties PJSC
Kerry Properties	Kerry Properties Limited
Neo-Neon Holdings	Neo-Neon Holdings Limited
Two Guys from Andromeda	Guys From Andromeda
Polly Peck	Polly Peck International plc
Polly Peck	Polly Peck International
Technoavia	SCF Technoavia
Technoavia	Scientific Commercial Firm Technoavia
AMS	Advanced Music Systems
Accurist	Accurist Watches Ltd
Alientrap Games	Alientrap
Alientrap Games	Alien Trap
Alientrap Games	Alien Trap Games
Argex Titanium inc.	Argex Titane inc.
Argex Titanium inc.	Argex Mining
DMG Media	Associated Newspapers
BAE Systems AB	Hägglunds
BIAS	Berkley Integrated Audio Software
Bergenshalvøens Kommunale Kraftselskap	BKK
Big Y World Class Market	Big Y Foods, Inc.
Budgens	Budgens Stores Ltd
Asia Resource Minerals	Bumi
Asia Resource Minerals	Vallar
Caribbean New Media Group	CNMG
Carillion	Carillion plc
Caspian Telecom	CASTEL
Caspian Telecom	Caspian Telecom
Caspian Telecom	Caspian Telecom LLC
Caspian Telecom	Aile TV
Caspian Telecom	AileNET
Caspian Telecom	A MEDIA
Cholamandalam MS General Insurance	Chola MS
Companhia das Naus	Company of the Carracks
Tokio Marine Nichido	Tokio Marine & Nichido Fire Insurance Co., Ltd.
Danger, Inc.	Danger
Mace	Mace Group Ltd
DuPont Danisco	DuPont Danisco Cellulosic Ethanol LLC
E. P. Dutton	E. P. Dutton & Company
ELS Language Centers	ELS
Entertainment One Films	Fox Lorber Films
Entertainment One Films	Koch-Lorber Films
Easy	Easy Hogar y Construcción
Electronic Chart Centre	Electronic Chart Centre AS
Endemol UK	Endemol UK Ltd
Eurostar International Limited	EIL
HSBC Bank Argentina	HSBC Bank Argentina S.A.
Everyday Health	Agora Media
Everyday Health	Waterfront Media
Fairchild	Fairchild Aircraft Ltd.
Fairchild	Fairchild Canada
Fairchild	Fairchild Industries
Fever Media	Fever Media Ltd
Greene King Brewery	Greene King
London Stock Exchange Group	London Stock Exchange Group plc
Heartland Payment Systems	Heartland Payment Systems, Inc.
ITV Studios	ITV Productions
ITV Studios	Granada Productions
ITV Studios	Granada Television
NOSA	Iran Software & Hardware Co.
Media Asia Entertainment Group	Media Asia Group
Jones, Turner and Evans	Jones and Potts
Leap Motion	Leap Motion, Inc.
Long & Foster	Long and Foster
Lucky Stores	Lucky's
Lucy Activewear	lucy.com
M2	M2 (game developer)
Metagaming Concepts	Metagaming
Navi Mumbai Municipal Transport	NMMT
North Carolina National Bank	NCNB
Northgate Information Solutions	Computer Machinery Company Limited
Northgate Information Solutions	Microdata UK limited
CD Projekt	CD Projekt Capital Group
Pangang Group Vanadium Titanium & Resources	Pangang Group Vanadium Titanium & Resources Co., Ltd.
Pangang Group Vanadium Titanium & Resources	Pangang Group Steel Plate Company Limited
Pangang Group Vanadium Titanium & Resources	Panzhihua New Steel and Vanadium
Pangang Group Vanadium Titanium & Resources	Pangang Group Steel Plate
Pangang Group Vanadium Titanium & Resources	Panzhihua New Steel & Vanadium Company Limited
Perfect World	Perfect World Co., Ltd.
Phoenix Bicycles	Shanghai Phoenix Bicycles
Phoenix Bicycles	Phoenix Company. Ltd.
Psyop	Psyop, Inc.
Huntington Ingalls Industries	Northrop Grumman Shipbuilding
Qihoo	Qihoo 360
Raiffeisen Romania	Raiffeisen Bank
Semantic Web Company	SWC
Southern Television	Southern Television Limited
Spencer Gifts	JAN
Spencer Gifts	12TH
Spencer Gifts	2014
Spencer Gifts	SUN
Eika Gruppen	Terra-Gruppen
Eika Gruppen	Terra
Eika Gruppen	Eika Gruppen AS
Theatrix Interactive	Theatrix Interactive, Inc.
Tianjin Port (Group) Company	Tianjin Port Company
Wedge Community Co-op	Wedge Co-op
Wedge Community Co-op	Wedge Coop
Wedge Community Co-op	The Wedge
Wilson	Wilson ASA
XD Group	Xi'an Electric Manufacturing Corp
Fox Television Studios	Fox Television Studios, Inc.
China National Salt Industry Corporation	China Salt
China National Salt Industry Corporation	China National Salt Industry Company
China National Salt Industry Corporation	China National Salt Group
T.J. Maxx	TK Maxx
LukFook Holdings	LukFook Jewellery
OC Oerlikon	Unaxis
OC Oerlikon	Oerlikon
DeNA	DeNA Co., Ltd.
Léon & Lévy	Lévy & fils
Léon & Lévy	J. Lévy & Cie.
Léon & Lévy	L.L.
Léon & Lévy	Levy & fils
Sunac China	融創中國
Sunac China	Sunac China Holdings Limited
Sunac China	SEHK:1918
New Hellenic Radio, Internet and Television	NERIT
Achronix	Achronix Semiconductor
Boulton & Paul	Boulton & Paul Ltd
J.B. Lippincott & Co.	J. B. Lippincott Company
Quidel	en el mapuche como antorcha encendida
Summon	InstantCab
DJI Innovations	Da-Jiang Innovations Science and Technology Co., Ltd.
DJI Innovations	DJI
McLeod Russel	McLeod Russel India Ltd
Vivo Electronics	Vivo
IndyMac	Independent National Mortgage Corporation
IndyMac	IndyMac Bank
ThousandEyes	ThousandEyes, Inc.
Apple Inc.	Apple
Apple Inc.	Apple Computer, Inc.
Adidas	adidas Group
BASF	BASF SE
BASF	BASF Societas Europaea
Lenovo	Lenovo Group Limited
Maersk	A.P. Moller – Maersk Group
Codemasters	Code Masters
Codemasters	The Codemasters Software Company Limited
Sega Sports R&D	Smilebit
Kuala Lumpur Kepong Berhad	Kuala Lumpur Kepong(KLK) Berhad
Kuala Lumpur Kepong Berhad	Kuala Lumpur Kepong
Barkas	Framo
Fiat Automobiles	FIAT
Fiat Automobiles	Fiat Automobiles S.p.A.
Fabryka Samochodów Osobowych	FSO
Isuzu Motors	Isuzu
Meitetsu	Nagoya Railroad
GVU	Gesellschaft zur Verfolgung von Urheberrechtsverletzungen e.V.
GVU	Gesellschaft zur Verfolgung von Urheberrechtsverletzungen
GVU	Society for the Prosecution of Copyright Infringement
Yahoo!	Yahoo! Inc.
Yahoo!	Maudwen-Yahoo! Inc
Yahoo!	Yahoo
Agnico-Eagle Mines	Agnico Eagle Mines Limited
Agence France-Presse	AFP
Opel	Adam Opel AG
Murr Television	MTV Lebanon
Murr Television	Murr TV
Toshiba	Toshiba Corporation
Poznań International Fair	The Poznań International Fair
Mitsubishi Electric	Mitsubishi Electric Corporation
Nissin Food Products	Nissin Foods
Accident Investigation Board Norway	AIBN
Accident Investigation Board Norway	Statens havarikommisjon for transport
Accident Investigation Board Norway	SHT
East India Company	Governor and Company of Merchants of London trading into the East Indies
East India Company	Honourable East India Company
Österreichische Bundesbahnen	ÖBB
DSB	Danske Statsbaner
Take-Two Interactive	Take-Two
Take-Two Interactive	Take2
Take-Two Interactive	T2
2K Games	2K
ZTE	ZTE Corporation
ZTE	Zhongxing Telecommunication Equipment Corporation
Intelligent Systems	Intelligent Systems Co., Ltd.
Xerox	Xerox Corporation Ltd.
Xerox	XRX
Lindt & Sprüngli	Lindt & Sprüngli AG
Lindt & Sprüngli	Lindt
Total S.A.	Total
Deutsche Post	Deutsche Post AG
Deutsche Post	Deutsche Post DHL
Deutsche Post	Deutsche Post World Net
Vattenfall	Vattenfall AB
AEG	Allgemeine Elektricitäts-Gesellschaft Aktiengesellschaft
AEG	AEG-Telefunken
AEG	AEG Aktiengesellschaft
AEG	AEG Hausgeräte GmbH
3M	Minnesota Mining and Manufacturing Company
07th Expansion	FUJIX
Fox Broadcasting Company	Fox
Fox Broadcasting Company	Fox Network
Fox Broadcasting Company	FOX
Mozilla Corporation	MoCo
Liechtenstein Bus	Liemobil
Mercedes AMG High Performance Powertrains	Mercedes-Benz HighPerformanceEngines
Kemco	Kemco Corporation
Kemco	Kotobuki System Co., Ltd.
Suzuki	Suzuki Motor Corporation
NVIDIA	Nvidia Corporation
NVIDIA	NVIDIA Corporation
EMI	EMI Group Ltd.
EMI	EMI Music
UBS	UBS AG
Alpina	Alpina Burkard Bovensiepen
Commodore International	Commodore
Commodore International	Commodore Business Machines
NHK	Nippon Hōsō Kyōkai
NHK	Japan Broadcasting Corporation
NHK	日本放送協会
NHK	Nippon Hoso Kyokai
Antonov	OKB-153
Antonov	Kiev Mechanical Plant
Antonov	Research and Design Bureau named after O.K. Antonov
ATI Technologies	ATI Technologies Inc.
ATI Technologies	ATI
DuPont	E. I. du Pont de Nemours and Company
Zott	The Gourmet Dairy
Zynga	Zynga Inc.
BNFL	British Nuclear Fuels Limited
Brandstätter Group	Geobra Brandstätter
Bristol-Myers Squibb	BMS
Humble Bundle Inc.	Humble Bundles
Électricité de France	Electricité de France
Électricité de France	Electricite de france
Électricité de France	Electricite de France
Électricité de France	Hispaelec
Électricité de France	Électricité de France (EDF)
Électricité de France	EdF
Électricité de France	EDF Group
Électricité de France	Electricite de France (EDF)
AJS	AJS Motorcycles Ltd
Acclaim Studios Austin	Iguana Entertainment
Bloomingdale's	Bloomingdales
ABC Studios	Touchstone Television
ABC Studios	ABC Television Studios
ABC Studios	ABC Television Studio
ABC Studios	American Broadcasting Company Studios
ABC Studios	Touchstone Pictures and Television
Aerotransport	Aktiebolaget Aerotransport
Aerotransport	AB Aerotransport
AB Motorfabriken i Göteborg	AB Motorfabriken i Goteborg
AB Motorfabriken i Göteborg	AB Motorfabriken i Goeteborg
ACE Aviation Holdings	ACE Aviation Holdings Inc.
ACE Aviation Holdings	ACE Aviation
ACE Aviation Holdings	ACE Aviation Holdings Inc
ACMAT	ACMAT TPK
ACMAT	VLRA
ACTEW Corporation	ACTEW
The ADT Corporation	ADT fire and security
The ADT Corporation	ADTfire & security
The ADT Corporation	Adt fire and security
The ADT Corporation	Adt fire & security
The ADT Corporation	American District Telegraph
The ADT Corporation	ADT, Inc
The ADT Corporation	ADT Security Services
AES Corporation	AES Corp.
AES Corporation	The AES Corporation
AES Corporation	AES Corp
AES Corporation	AES Trust III
AG Vulcan Stettin	Stettiner Maschinenbau AG Vulcan
AG Vulcan Stettin	Vulcan Werft
AG Vulcan Stettin	AG Vulcan
AG Vulcan Stettin	Vulcan AG
AG Vulcan Stettin	Stettiner Vulcan AG
AG Vulcan Stettin	A.G. Vulcan
AG Vulcan Stettin	Vulcan Stettin
AG Vulcan Stettin	Aktien-Gesellschaft Vulcan Stettin
AG Vulcan Stettin	A.G. Vulcan Stettin
AIDA Cruises	Aida cruises
AIDA Cruises	Aida Cruises
ÖAF	Austro-Fiat
ÖAF	Österreichische Austro-Fiat
ÖAF	Österreichische Automobil-Fabrik
AIK banka Niš	AIK BANKA
AIK banka Niš	AIK bank
AIK banka Niš	AIK Bank Nis
AIK banka Niš	AIK Bank Niš
AIK banka Niš	AIK Banka Niš
AIK banka Niš	AIK banka Nis
AIK banka Niš	AIK Banka Nis
Öhlins	Ohlins
Öhlins	Öhlins Racing AB
Öhlins	Ohlins Racing AB
AMEC	AMEC plc
AMEC	Amec plc
AMEC	Amec
AMEC	AMEC-Spie
AMR Corporation	AMR Eagle Holdings
AMR Corporation	AMR Corp
AMR Corporation	AMR Corp.
AMR Corporation	AMRCorp
AMR Corporation	AMR OnBoard
AMR Corporation	OnBoard
AMR Corporation	AMR Holding Co.
AMR Corporation	Amr Corporation
AMR Corporation	AMR Corporation Delaware Pines
AM General	Am General
Ardex	Ardex
Ardex	ARDEX
Ardex	ARDEX GmbH
ASML Holding	ASM Lithography
ATB Financial	Alberta Treasury Branch
ATB Financial	Alberta Treasury Branches
ATEbank	ATE Bank
ATEbank	Agricultural Bank of Greece
AWD Holding	Allgemeiner Wirtschaftsdienst
A Bathing Ape	Bathing Ape
A Bathing Ape	Bape
A Bathing Ape	BAPE (bape-sta)
A Bathing Ape	Bapes
A Bathing Ape	BAPE
A Bathing Ape	Bathin apes
A Bathing Ape	Bathing apes
Aastra Technologies	Aastra
Aastra Technologies	Aastra Technologies Ltd.
Aastra Technologies	Aastra Technologies Limited
Abbott Laboratories	Abbott Labs
Abbott Laboratories	Abbott Laboratories, Inc.
Abbott Laboratories	Ross Laboratories
Abbott Laboratories	Abbott Pharmaceuticals
Abbott Laboratories	Abbott Nutrition
Abbott Laboratories	I-Stat
Abbott Laboratories	I-STAT
Abbott Laboratories	Abbott Molecular
Abbott Laboratories	PediaSure
Abbott Laboratories	Isomil
Abbott Laboratories	Abbot Laboratories
Abbott Laboratories	AbbVie
Raidió Teilifís Éireann	RTE
Raidió Teilifís Éireann	RTÉ
Baan Corporation	Baan
Nussli Group	Nüssli
Administrador de Infraestructuras Ferroviarias	ADIF
Nobina	Concordia Bus
Affiliated Computer Services	ACS
Otsuka Pharmaceutical	Otsuka
Brown-Forman	Brown-Forman Corporation
PZL Mielec	PZL-Mielec
PZL Mielec	WSK-Mielec
PZL Mielec	WSK PZL-Mielec
PZL Mielec	PZL WP-2
PZL Mielec	Airframe Factory No.2
ABC Development Corporation	Associated Broadcasting Company
Triumph	Triumph-Werke Nürnberg AG
Triumph	TWN
Lag	Lag
Lag	Lag Guitars
Lag	Lâg Guitars
Kaiserliche Werft Kiel	KWK
Verizon	Verizon Communications Inc.
Sappi	South African Pulp and Paper Industries
CJ E&M Music and Live	Mnet Media
Gravity Corporation	GRAVITY Co., Ltd.
Tesco	Tesco PLC
PricewaterhouseCoopers	PwC
Hyundai Engineering and Construction	Hyundai Engineering & Construction
Kyushu Railway Company	JR Kyushu
Kyushu Railway Company	九州旅客鉄道
Kyushu Railway Company	JR九州
East Japan Railway Company	JR East
East Japan Railway Company	東日本旅客鉄道
East Japan Railway Company	JR東日本
DreamWorks Animation	DreamWorks Animation SKG, Inc.
DreamWorks Animation	DWA
Blackberry	Research In Motion Limited
Blackberry	RIM
Blackberry	Research in Motion
Blackberry	Blackberry Limited
Blackberry	Blackberry Ltd
DHL Global Forwarding	Danzas
Bristol Siddeley	Bristol Siddeley Engines Ltd
Bristol Siddeley	BSEL
Emirates Telecommunications Corporation	Etisalat
SIAI-Marchetti	Società Idrovolanti Alta Italia
SIAI-Marchetti	Savoia-Marchetti
SIAI-Marchetti	Northern Italy Seaplane Company
SIAI-Marchetti	SIAI
Norddeutsche Landesbank	Nord/LB
Ford of Europe	Ford Europe
Herbalife	Herbalife International
S.P.A.	SPA
S.P.A.	Società Piemontese Automobili
The Hongkong and Shanghai Banking Corporation	HSBC
The Hongkong and Shanghai Banking Corporation	The Hongkong and Shanghai Banking Corporation Limited
Mountain Equipment Co-op	MEC
Apollo Global Management	Apollo Global Management, LLC
S3 Graphics	S3 Graphics, Ltd
Armani	Giorgio Armani SpA
Royal Mail	Royal Mail plc
Vultee	Vultee Aircraft Corporation
Vultee	Airplane Development Corporation
Vultee	Aviation Manufacturing Corporation
Vought	Lewis and Vought Corporation
Vought	Chance Vought
Vought	Vought Sikorsky
Vought	LTV Aerospace
Vought	Ling-Temco-Vought
Vought	Vought Aircraft Companies
Vought	Vought Aircraft Industries
Wind Telecomunicazioni SpA	Wind
Wind Telecomunicazioni SpA	Wind Italy
Sky Deutschland AG	Sky
National Public Radio	NPR
Rolls-Royce	Rolls-Royce Limited
Rolls-Royce	Rolls Royce Limited
Fellner & Helmer	Fellner and Helmer
InnoLux Corporation	Chimei Innolux Corporation
InnoLux Corporation	Innolux
Seagate Technology	Seagate Technology PLC
Marks & Spencer	Marks and Spencer
Marks & Spencer	M&S
Marks & Spencer	Marks & Sparks
Zebra	Zebra Pen Corporation
Shiseido	Shiseido Company, Limited
Hanna-Barbera	H-B Enterprises
Hanna-Barbera	H-B Production Company
Hanna-Barbera	Hanna-Barbera Cartoons
Hanna-Barbera	Hanna-Barbera Productions, Inc.
Creative Micro Designs	CMD
Fuji Television	Fuji Television Network
FN Herstal	Fabrique Nationale
Ruter	Ruter#
Bank of China (Hong Kong)	BOCHK
Aéropostale	Aero
Bad Robot Productions	Bad Robot
Bank Pekao	Bank Polska Kasa Opieki Spółka Akcyjna
Bayrak	Bayrak Radio Television Corporation
Bayrak	BRT
HAECO	Hong Kong Aircraft Engineering Company
IntercontinentalExchange Group	ICE
House Foods	Hausu Shokuhin
Great Western Railway	GWR
Great Western Railway	the GWR
Changchun Railway Vehicles	Changchun Railway Vehicles Company Ltd.
H. J. Heinz Company	Heinz Company
H. J. Heinz Company	Heinz
ADAMA Agricultural Solutions	Makhteshim Agan Industries
Breda	Ernesto Breda Company
Breda	Società Italiana Ernesto Breda
Breda	Societa Italiana Ernesto Breda
Daiwa House Industry	Daiwa House
Verizon Wireless	verizon wireless
British Steel	BSC
Crystal Dynamics	Crystal Dynamics
Seoul Broadcasting System	SBS
Borsa Italiana	Borsa Italiana S.p.A.
HSBC Bank Australia	Hongkong Bank Australia
Ubisoft Reflections	Reflections Interactive
Ubisoft Reflections	Reflections Interactive Limited
Gray Matter Interactive	Xatrix Entertainment
Asociación Mexicana de Productores de Fonogramas y Videogramas	AMPROFON
Subaru Tecnica International	STi
Toppan	Toppan Printing
Toppan	凸版印刷株式会社
RapidKL Light Rail Transit	RapidKL Rail
Custom Coasters International	CCI
Montreal Light, Heat & Power	Montreal Light, Heat and Power Company
Montreal Light, Heat & Power	MLH&P
Buddy´s knife jazzedition	buddy’s knife jazzedition
Kronos Digital Entertainment	Kronos (video game company)
CIT Group	Commercial Investment Trust
CIT Group	Commercial Credit and Investment Company
CIT Group	Tyco Capital
CIT Group	Tyco Capital Corporation
CIT Group	CIT Group Incorporated
Caja Mediterráneo	Caja de Ahorros del Mediterráneo
Caja Mediterráneo	CAM
Campagnolo	Campag
Canada Post	Royal Mail Canada
Guerrilla Cambridge	SCE Cambridge Studio
Polyphony Digital	Polyphony Digital, Inc.
TAM Cargo	TAM Express
China State Construction Engineering Corporation	China State Construction Engineering Corp
China State Construction Engineering Corporation	CSCEC
China State Construction Engineering Corporation	China State Construction Engineering
Nitroplus	Nitro+
London and North Eastern Railway	LNER
Kader	Kader Industrial Company Limited
Kazan Aircraft Production Association	KAPO Avia
College of Arms	Herald's College
Disney Channels Worldwide	ABC Cable Networks Group
Tech Mahindra India	Tech Mahindra Limited
The Weinstein Company	TWC
Curtiss	Curtiss Aircraft
Curtiss	Curtiss Aeroplane Company
Curtiss	Curtiss Motor Company
Curtiss	Curtiss Aeroplane and Motor Company
GAC Fiat	GAC Fiat Automobiles Co., Ltd.
Delek Group Ltd.	Delek
Democratic National Committee	DNC
Turtle Rock Studios	Valve South
DynCorp	DynCorp International
Will-Pemco	E.C.H. Will
Will-Pemco	Pemco
G4S	Group 4 Securicor
Mainichi Broadcasting System	MBS
IMG	International Management Group
FTSE Group	FTSE (Financial Times and Stock Exchange) International Ltd.
EMI Music Japan	Toshiba EMI
EMI Music Japan	EMI Music Japan Inc.
NStigate Games	Nihilistic Software
Ocean Software	Ocean Software Ltd
Ocean Software	Ocean of America, Inc.
Ocean Software	Ocean
Pioneer Hi-Bred	DuPont Pioneer
Sopwith Aviation Company	Sopwith
Geibeltbad Pirna	Geibeltbad
Orange	Orange SA
Orange	Orange S.A
Glasflügel	Glasfluegel
Glasflügel	Glass Wings
MTR Corporation	MTR Corporation Limited
MTR Corporation	MTRC
Höfner	Karl Höfner GmbH & Co. KG
Getronics	KPN Corporate Market
Saudi Telecom Company	Saudi Telecom Group
Saudi Telecom Company	STC
Saudi Telecom Company	STC Group
Saudi Telecom Company	STC International
Sanoma	Sanoma Oyj
Sanoma	SanomaWSOY
R. & W. Hawthorn, Leslie and Company	Hawthorn Leslie and Company
R. & W. Hawthorn, Leslie and Company	Hawthorn Leslie
R. & W. Hawthorn, Leslie and Company	Hawthorn Leslie & Co.
HSBC Bank	HSBC Bank A.Ş.
Koei Tecmo Holdings	Tecmo Koei Holdings
Koei Tecmo Holdings	Koei Tecmo
Koei Tecmo Holdings	Tecmo Koei
Mistwalker	Mistwalker Corporation
Hayes Microcomputer Products	D.C. Hayes Associates
W. W. Grainger	W. W. Grainger, Inc.
JX Nippon Oil & Energy	Nippon Oil
Jardine Matheson	Jardine Matheson Holdings Ltd.
Jardine Matheson	Jardines
KaiserWerft	KaiserWerft GmBH
Toto Ltd.	Tōyō Tōki
Toto Ltd.	Toyo Toki
Toto Ltd.	TOTO
Oddworld Inhabitants	Oddworld Inhabitants Inc.
Statoil	StatoilHydro
Philip Morris International	Philip Morris International Inc.
Hidden Path Entertainment	Hidden Path
TASMAC	Tamil Nadu State Marketing Corporation
Sinohydro Corporation	Sinohydro
Aeronca	Aeronautical Corporation of America
Aeronca	Aeronca Aircraft Corporation
IGATE Patni	IGATE
IGATE Patni	Patni Computer Systems
Swiss Arms	SAN Swiss Arms AG
OPPO Digital	OPPO Electronics Corp., Ltd
Shapoorji Pallonji Group	SP Group
Shapoorji Pallonji Group	SPG
Regiobahn GmbH	Regionale Bahngesellschaft Kaarst-Neuss-Düsseldorf-Erkrath-Mettmann-Wuppertal mbH
Twin City Rapid Transit Company	Twin City Rapid Transit
Twin City Rapid Transit Company	TCRT
List of 20th Century Fox movies	List of 20th Century Fox films
List of 20th Century Fox movies	list of 20th Century Fox films
Méditel	Meditel
Guinness Brewery	St. James's Gate Brewery
Guinness Brewery	Grúdlann Gheata Naomh Séamuis
Jiffy Lube	Pennzoil
Ultra Music	Ultra Records
Rover Group	The Rover Group plc
Sevmash	Sewmasch-Werft
Noge	Noge S.L.
Hijos de Rivera	Hijos de Rivera, S.A.
Hijos de Rivera	La Estrella de Galicia
Hijos de Rivera	HdR
Havok	Telekinesys Research Ltd.
King	King.com
Santa Cruz Operation	Tarantella
Santa Cruz Operation	Tarantella, Inc.
Santa Cruz Operation	SCO
Rede Bandeirantes	Band
Disney–ABC Domestic Television	ABC Syndication
Disney–ABC Domestic Television	Buena Vista Television
Disney–ABC Domestic Television	Disney Domestic Television
American Car and Foundry Company	ACF
American Car and Foundry Company	ACF Industries LLC
B2W	B2W Companhia Digital
Compañía Sevillana de Electricidad	Sevillana
Compañía Sevillana de Electricidad	CSE
Compañía Sevillana de Electricidad	Sevillana de Electricidad
Biodegradable Packaging for Environment	BPE
Biodegradable Packaging for Environment	Biochannaoy
Bright Food	Bright Food (Group) Co., Ltd.
Central New England Railway	CNE
Duluth, Missabe and Iron Range Railway	DMIR
Duluth, Missabe and Iron Range Railway	DM&IR
Harbin	Harbin Aircraft Manufacturing Corporation
EuropaBio	The European Association for Bioindustries
Gulf+Western	Gulf and Western Industries, Inc.
Gulf+Western	Gulf and Western Industries
Metro Cammell	Metro-Cammell
Metro Cammell	Metropolitan Cammell Carriage and Wagon Company
Graham Holdings Company	The Washington Post Company
LJN	LJN Toys, Limited
Antrix Corporation	Antrix
Pakistan Television	Pakistan Television Corporation
Overstock.com	O.co
Overstock.com	Overstock.com, Inc.
Internet Brands	Internet Brands, Inc.
Novacaixagalicia	NCG
Novacaixagalicia	Nova Caixa Galicia
Mott MacDonald	Mott MacDonald Group
New World Resources	NWR
New World Resources	New World Resources PLC
Ogilvy	Ogilvy's
Rumpler Aircrafts	Rumpler Flugzeugwerke
Rumpler Aircrafts	Rumpler Luftfahrtzeugbau
Scott Free Productions	Percy Main Productions
Mindtree	Mindtree Limited
Delhi Transport Corporation	DTC
Aermacchi	Aeronautica Macchi
Aermacchi	Macchi
Sporveien	Sporveien Oslo
Sporveien	Kollektivtransportproduksjon
99 Cents Only Stores	Bargain Wholesale
AB Stockholms Spårvägar	SS
Aircraft Disposals Company	ADC Aircraft
Aircraft Disposals Company	Airdisco
Aircraft Disposals Company	The Imperial & Foreign Corporation
Aircraft Disposals Company	Aircraft Disposal Company
Ace Hardware	Ace Hardware Corporation
Acorn Treatment and Housing	ADAS
Acorn Treatment and Housing	Alcohol and Drug Abstinence Service
Aero Union	Western Air Industries
Aitken Spence	එයිට්කින් ස්පෙන්ස්
Ammerer Bed Company	Betten Ammerer
Ammerer Bed Company	die Betten Ammerer
Ammerer Bed Company	die Firma Betten Ammerer
Aries Motorsport	Aries MotorSport Ltd
Artix Entertainment	Battleon Games
Battersea Dogs and Cats Home	Battersea Dogs & Cats Home
Burnley Savings and Loans	Burnley Savings and Loans Limited
Burnley Savings and Loans	Bank on Dave!
Cats Protection	The Cat Protection League
Channel Four Television Corporation	Channel Four
Cielo	Cielo Yogurt Corporation
Cirrus Aero-Engines	Cirrus-Hermes Engineering Company
Cirrus Aero-Engines	Cirrus Engine Section
Classmate Stationery	Classmate
Clover	Clover Industries Limited
Clover	CIL
Cochlear Limited	Cochlear Americas
Computing Tabulating Recording Company	CTR
Computing Tabulating Recording Company	Computing-Tabulating-Recording Company
Courage Brewery	Courage
Daegu Broadcasting Corporation	TBC
Danka	Konica Minolta Danka Imaging
EE	Everything Everywhere Limited
El Rodeo Mexican Restaurant	El Rodeo
Esurance	JAN
Esurance	12TH
Esurance	2014
Esurance	SUN
Everyman Cinemas	Everyman Group
Exxon Neftegas	Exxon Neftegas Limited
Fred Wolf Films	MWS
Fred Wolf Films	Murakami-Wolf-Swenson
Hakkōda Ropeway	Hakkoda Ropeway
Hobby Lobby	Hobby Lobby Creative Centers
Hobby Lobby	Hobby Lobby Stores, Inc.
Atresmedia	Grupo Antena 3
HubSpot	HubSpot Inc
Manning, Wardle and Company	Manning Wardle
Manning, Wardle and Company	Manning, Wardle & Co.
JT Group Limited	JT
Impulse	Impulse Music Travel
Ingles	Ingles Markets Inc.
inome	Intelius
John Hancock Insurance	John Hancock Financial
Lakshmi Vilas Bank	2
Cadbury	Cadbury Schweppes
Cadbury	Cadbury Ltd.
Medical Mutual of Ohio	MMO
MicroUnity	MicroUnity Systems Engineering, Inc.
Krakatau Wajatama	PT. Krakatau Wajatama
Krakatau Wajatama	Krakatau Wajatama Company Limited
Pacific Bell	Pacific Bell Telephone Company
Qualys	Qualys, Inc.
R/GA	R/GA Media Group Inc.
Izhmash	Izhevsk Machinebuilding Plant
Simbiosys	SimBioSys
Skunk Studios, Inc.	Skunk Studios
Starz Distribution	Starz Media
Starz Distribution	IDT Entertainment
Supacat	Supacat Limited
TVB-Europe	TVBS-Europe
TVB-Europe	The Chinese Channel Limited
The Smith's Snackfood Company	Smith's Potato Crisps Ltd
The Spaceship Company	TSC
The World	WWF New York
ToeJam & Earl Productions	Johnson Voorsanger Productions
ToeJam & Earl Productions	JVP
Trican Well Service	Frac company
Vector	VECTOR
William H. Block Company	The William H. Block Company
William H. Block Company	Block's
William H. Block Company	The Wm. H. Block Co.
William H. Block Company	William H. Block Co.
Launchworks	Xbox Live Productions
Expedia, Inc.	Expedia Inc.
NCG Banco	Novagalicia Banco
NCG Banco	Novacaixagalicia Banco
NCG Banco	NCG Banco, S.A.
NCG Banco	NCG Banco, Sociedad Anónima
NCG Banco	Abanca
NCG Banco	Abanca Corporación Bancaria
Banco Gallego	Banco Gallego, S.A.
Banco Gallego	Banco Gallego, Sociedad Anónima
Akebono Brake Industry	Akebono
S.M. Culture & Contents	S.M. C&C
S.M. Culture & Contents	SM C&C
Tinker, Shenton & Co	Tinker, Shenton and Company
Ajlan & Brothers	Ajlan bros
Mack	MACK
Yik Yak	Yik Yak, Inc.
Hyperloop Transportation Technologies	Hyperloop Transportation Technologies, Inc
PakWheels	PW
Broadspeed	Broadspeed Engineering Ltd
The Matriarch Agency	Matriarch Agency
The Matriarch Agency	TMA
The Matriarch Agency	Matriarch
Smoking Gun Interactive	SGI
